,India/States/UTs,Survey,Area,Expenditure,Population and Household Profile - Population (female) age 6 years and above who ever attended school (%),Population and Household Profile - Population below age 15 years (%),Population and Household Profile - Sex ratio of the total population (females per 1000 males),Population and Household Profile - Sex ratio at birth for children born in the last five years (females per 1000 males),Population and Household Profile - Children under age 5 years whose birth was registered (%),Population and Household Profile - Households with electricity (%),Population and Household Profile - Households with an improved drinking-water source (%),Population and Household Profile - Households using improved sanitation facility (%),Population and Household Profile - Households using clean fuel for cooking (%),Population and Household Profile - Households using iodized salt (%),Population and Household Profile - Households with any usual member covered by a health scheme or health insurance (%),Characteristics of Adults (age 15-49) - Women who are literate (%),Characteristics of Adults (age 15-49) - Men who are literate (%),Characteristics of Adults (age 15-49) - Women with 10 or more years of schooling (%),Marriage and Fertility - Women age 20-24 years married before age 18 years (%),Marriage and Fertility - Men age 25-29 years married before age 21 years (%),Marriage and Fertility - Total fertility rate (children per woman),Marriage and Fertility - Women age 15-19 years who were already mothers or pregnant at the time of the survey (%),Infant and Child Mortality Rates (per 1000 live births) - Infant mortality rate (IMR),Infant and Child Mortality Rates (per 1000 live births) - Under-five mortality rate (U5MR),Current Use of Family Planning Methods (currently married women age 15-49 years) - Any method (%),Current Use of Family Planning Methods (currently married women age 15-49 years) - Any modern method (%),Current Use of Family Planning Methods (currently married women age 15-49 years) - Female sterilization (%),Current Use of Family Planning Methods (currently married women age 15-49 years) - Male sterilization (%),Current Use of Family Planning Methods (currently married women age 15-49 years) - IUD/PPIUD (%),Current Use of Family Planning Methods (currently married women age 15-49 years) - Pill (%),Current Use of Family Planning Methods (currently married women age 15-49 years) - Condom (%),Unmet Need for Family Planning (currently married women age 15-49 years)5 - Total unmet need (%),Unmet Need for Family Planning (currently married women age 15-49 years)5 - Unmet need for spacing (%),Quality of Family Planning Services - Health worker ever talked to female non-users about family planning (%),Quality of Family Planning Services - Current users ever told about side effects of current method (%),Maternity Care (for last birth in the 5 years before the survey) - Mothers who had antenatal check-up in the first trimester (%),Maternity Care (for last birth in the 5 years before the survey) - Mothers who had at least 4 antenatal care visits (%),Maternity Care (for last birth in the 5 years before the survey) - Mothers whose last birth was protected against neonatal tetanus (%),Maternity Care (for last birth in the 5 years before the survey) - Mothers who consumed iron folic acid for 100 days or more when they were pregnant (%),Maternity Care (for last birth in the 5 years before the survey) - Mothers who had full antenatal care (%),Maternity Care (for last birth in the 5 years before the survey) - Registered pregnancies for which the mother received Mother and Child Protection (MCP) card (%),Maternity Care (for last birth in the 5 years before the survey) - Mothers who received postnatal care from a doctor/nurse/LHV/ANM/midwife/other health personnel within 2 days of delivery (%),Maternity Care (for last birth in the 5 years before the survey) - Mothers who received financial assistance under Janani Suraksha Yojana (JSY) for births delivered in an institution (%),Maternity Care (for last birth in the 5 years before the survey) - Average out of pocket expenditure per delivery in public health facility (Rs.),Maternity Care (for last birth in the 5 years before the survey) - Children born at home who were taken to a health facility for check-up within 24 hours of birth (%),Maternity Care (for last birth in the 5 years before the survey) - Children who received a health check after birth from a doctor/nurse/LHV/ANM/ midwife/other health personnel within 2 days of birth (%),Delivery Care (for births in the 5 years before the survey) - Institutional births (%),Delivery Care (for births in the 5 years before the survey) - Institutional births in public facility (%),Delivery Care (for births in the 5 years before the survey) - Home delivery conducted by skilled health personnel (out of total deliveries) (%),Delivery Care (for births in the 5 years before the survey) - Births assisted by a doctor/nurse/LHV/ANM/other health personnel (%),Delivery Care (for births in the 5 years before the survey) - Births delivered by caesarean section (%),Delivery Care (for births in the 5 years before the survey) - Births in a private health facility delivered by caesarean section (%),Delivery Care (for births in the 5 years before the survey) - Births in a public health facility delivered by caesarean section (%),Child Immunizations and Vitamin A Supplementation - Children age 12-23 months fully immunized (BCG; measles; and 3 doses each of polio and DPT) (%),Child Immunizations and Vitamin A Supplementation - Children age 12-23 months who have received BCG (%),Child Immunizations and Vitamin A Supplementation - Children age 12-23 months who have received 3 doses of polio vaccine (%),Child Immunizations and Vitamin A Supplementation - Children age 12-23 months who have received 3 doses of DPT vaccine (%),Child Immunizations and Vitamin A Supplementation - Children age 12-23 months who have received measles vaccine (%),Child Immunizations and Vitamin A Supplementation - Children age 12-23 months who have received 3 doses of Hepatitis B vaccine (%),Child Immunizations and Vitamin A Supplementation - Children age 9-59 months who received a vitamin A dose in last 6 months (%),Child Immunizations and Vitamin A Supplementation - Children age 12-23 months who received most of the vaccinations in public health facility (%),Child Immunizations and Vitamin A Supplementation - Children age 12-23 months who received most of the vaccinations in private health facility (%),Treatment of Childhood Diseases (children under age 5 years) - Prevalence of diarrhoea (reported) in the last 2 weeks preceding the survey (%),Treatment of Childhood Diseases (children under age 5 years) - Children with diarrhoea in the last 2 weeks who received oral rehydration salts (ORS) (%),Treatment of Childhood Diseases (children under age 5 years) - Children with diarrhoea in the last 2 weeks who received zinc (%),Treatment of Childhood Diseases (children under age 5 years) - Children with diarrhoea in the last 2 weeks taken to a health facility (%),Treatment of Childhood Diseases (children under age 5 years) - Prevalence of symptoms of acute respiratory infection (ARI) in the last 2 weeks preceding the survey (%),Treatment of Childhood Diseases (children under age 5 years) - Children with fever or symptoms of ARI in the last 2 weeks preceding the survey taken to a health facility (%),Child Feeding Practices and Nutritional Status of Children - Children under age 3 years breastfed within one hour of birth (%),Child Feeding Practices and Nutritional Status of Children - Children under age 6 months exclusively breastfed (%),Child Feeding Practices and Nutritional Status of Children - Children age 6-8 months receiving solid or semi-solid food and breastmilk (%),Child Feeding Practices and Nutritional Status of Children - Breastfeeding children age 6-23 months receiving an adequate diet (%,Child Feeding Practices and Nutritional Status of Children - Non-breastfeeding children age 6-23 months receiving an adequate diet (%,Child Feeding Practices and Nutritional Status of Children - Total children age 6-23 months receiving an adequate diet (%,Child Feeding Practices and Nutritional Status of Children - Children under 5 years who are stunted (height-for-age) (%),Child Feeding Practices and Nutritional Status of Children - Children under 5 years who are wasted (weight-for-height) (%),Child Feeding Practices and Nutritional Status of Children - Children under 5 years who are severely wasted (weight-for-height) (%),Child Feeding Practices and Nutritional Status of Children - Children under 5 years who are underweight (weight-for-age) (%),Nutritional Status of Adults (age 15-49 years) - Women whose Body Mass Index (BMI) is below normal (BMI < 18.5 kg/m2) (%),Nutritional Status of Adults (age 15-49 years) - Men whose Body Mass Index (BMI) is below normal (BMI < 18.5 kg/m2) (%),Nutritional Status of Adults (age 15-49 years) - Women who are overweight or obese (BMI >= 25.0 kg/m2) (%),Nutritional Status of Adults (age 15-49 years) - Men who are overweight or obese (BMI >= 25.0 kg/m2) (%),Anaemia among Children and Adults15 - Children age 6-59 months who are anaemic (<11.0 g/dl) (%),Anaemia among Children and Adults15 - Non-pregnant women age 15-49 years who are anaemic (<12.0 g/dl) (%),Anaemia among Children and Adults15 - All women age 15-49 years who are anaemic (%),Anaemia among Children and Adults15 - Men age 15-49 years who are anaemic (<13.0 g/dl) (%),Women - Blood sugar level - high (>140 mg/dl) (%),Women - Blood sugar level - very high (>160 mg/dl) (%),Men - Blood sugar level - high (>140 mg/dl) (%),Men - Blood sugar level - very high (>160 mg/dl) (%),Women - Slightly above normal (Systolic 140-159 mm of Hg and/or Diastolic 90-99 mm of Hg) (%),Women - Moderately high (Systolic 160-179 mm of Hg and/or Diastolic 100-109 mm of Hg) (%),Women - Very high (Systolic >= 180 mm of Hg and/or Diastolic >= 110 mm of Hg) (%),Men - Slightly above normal (Systolic 140-159 mm of Hg and/or Diastolic 90-99 mm of Hg) (%),Men - Moderately high (Systolic 160-179 mm of Hg and/or Diastolic 100-109 mm of Hg) (%),Men - Very high (Systolic >= 180 mm of Hg and/or Diastolic >= 110 mm of Hg) (%),Women Age 15-49 Years Who Have Ever Undergone Examinations of: - Cervix (%),Women Age 15-49 Years Who Have Ever Undergone Examinations of: - Breast (%),Women Age 15-49 Years Who Have Ever Undergone Examinations of: - Oral cavity (%)
0,India,NFHS-4,Total,33329684.69402985,68.8,28.6,991,919.0,79.7,88.2,89.9,48.4,43.8,93.1,28.7,68.4,85.6,35.7,26.8,20.4,2.2,7.9,41.0,50.0,53.5,47.8,36.0,0.3,1.5,4.1,5.6,12.9,5.7,17.7,46.5,58.6,51.2,89.0,30.3,21.0,89.3,62.4,36.4,3198.0,2.5,24.3,78.9,52.1,4.3,81.4,17.2,40.9,11.9,62.0,91.9,72.8,78.4,81.1,62.8,60.2,90.7,7.2,9.2,50.6,20.3,67.9,2.7,73.2,41.6,54.9,42.7,8.7,14.3,9.6,38.4,21.0,7.5,35.7,22.9,20.2,20.7,18.6,58.4,53.1,53.0,22.7,5.8,2.8,8.8,3.8,6.7,1.4,0.7,10.3,2.2,0.9,22.3,9.8,12.4
1,India,NFHS-4,Rural,33329684.69402985,63.0,30.5,1009,927.0,76.1,83.2,89.3,36.7,24.0,91.4,29.0,61.5,82.6,27.3,31.5,24.3,2.4,9.2,46.0,56.0,51.7,46.0,36.1,0.3,1.1,4.3,3.9,13.2,5.9,17.2,45.0,54.2,44.8,88.6,25.9,16.7,90.0,58.5,43.8,2947.0,2.4,23.0,75.1,54.4,4.9,78.0,12.9,37.8,9.3,61.3,91.4,72.6,77.7,80.3,62.5,59.1,94.2,3.4,9.6,47.9,19.1,65.8,2.9,70.8,41.1,56.0,39.9,8.2,12.7,8.8,41.2,21.5,7.4,38.3,26.7,23.0,15.0,14.3,59.4,54.3,54.2,25.1,5.2,2.3,7.4,3.5,6.5,1.3,0.7,9.7,2.0,0.8,20.7,8.8,10.7
2,India,NFHS-4,Urban,33329684.69402985,80.6,24.9,956,899.0,88.8,97.5,91.1,70.3,80.6,96.5,28.2,81.4,90.7,51.5,17.5,14.0,1.8,5.0,29.0,34.0,57.2,51.3,35.7,0.3,2.4,3.5,9.0,12.1,5.1,18.6,50.1,69.1,66.4,89.9,40.8,31.1,87.7,71.7,21.4,3913.0,3.2,27.2,88.7,46.2,3.0,90.0,28.3,44.8,19.9,63.9,93.2,73.4,80.2,83.2,63.3,62.9,82.1,16.7,8.2,58.5,23.7,74.1,2.3,80.0,42.8,52.1,50.1,10.1,16.9,11.6,31.0,20.0,7.5,29.1,15.5,15.3,31.3,26.3,55.9,50.9,50.8,18.4,6.9,3.6,8.8,4.4,7.3,1.6,0.7,11.4,2.7,1.0,25.3,11.7,15.6
3,India,NFHS-3,Total,33329684.69402985,58.3,34.9,1000,914.0,41.2,67.9,87.6,29.1,25.5,76.1,4.8,55.1,78.1,22.3,47.4,32.3,2.7,16.0,57.0,74.0,56.3,48.5,37.3,1.0,1.7,3.1,5.2,13.9,6.1,10.1,34.4,43.9,37.0,76.3,15.2,11.6,,34.6,,,0.3,,38.7,18.0,8.2,46.6,8.5,27.7,15.2,43.5,78.2,78.2,55.3,58.8,,16.5,82.0,10.5,9.0,26.0,,61.3,5.8,69.6,23.4,46.4,52.6,,,,48.0,19.8,6.4,42.5,35.5,34.2,12.6,9.3,69.4,55.2,55.3,24.2,,,,,,,,,,,,,
4,Andhra Pradesh,NFHS-4,Total,52073045,62.0,23.7,1020,914.0,82.7,98.8,72.7,53.6,62.0,81.6,74.6,62.9,79.4,34.3,32.7,23.5,1.8,11.8,35.0,41.0,69.5,69.4,68.3,0.6,0.2,0.2,0.2,4.7,3.1,19.7,24.6,82.4,76.3,95.0,56.2,43.9,92.6,79.7,17.4,2138.0,9.3,28.5,91.6,38.3,3.7,92.2,40.1,57.0,25.5,65.3,97.3,72.3,89.0,89.4,68.8,72.1,91.6,8.4,6.6,47.6,30.1,72.7,0.5,77.3,40.1,70.2,56.1,6.5,11.9,7.6,31.4,17.2,4.5,31.9,17.6,14.8,33.2,33.5,58.6,60.2,60.0,26.9,8.2,4.9,9.8,5.9,7.6,1.7,0.7,11.0,3.6,1.6,33.6,5.1,12.5
5,Andhra Pradesh,NFHS-4,Rural,52073045,56.6,23.9,1018,880.0,79.9,98.4,73.6,43.1,49.7,77.4,80.5,57.4,73.6,28.4,35.5,28.3,2.0,13.2,40.0,45.0,70.0,70.0,69.5,0.3,0.1,0.1,0.0,4.0,2.8,20.4,23.7,80.3,75.1,95.0,56.3,43.3,94.1,77.8,20.4,2145.0,8.2,27.8,89.7,39.6,4.4,90.8,37.1,55.2,23.7,67.2,97.1,75.2,90.6,88.4,71.5,71.6,94.9,5.1,6.9,45.3,29.1,69.4,0.4,78.6,38.8,71.1,50.6,6.3,11.0,7.1,32.5,17.8,4.4,33.1,20.3,16.5,27.6,28.0,60.8,61.5,61.1,30.8,6.9,4.3,9.0,5.0,7.3,1.5,0.7,11.0,3.9,1.4,32.5,5.2,10.9
6,Andhra Pradesh,NFHS-4,Urban,52073045,74.3,23.2,1027,1010.0,90.1,99.6,70.7,77.4,89.7,91.1,61.1,74.9,90.2,47.1,26.3,13.5,1.5,8.8,20.0,29.0,68.4,68.1,65.6,1.2,0.5,0.4,0.5,6.1,3.9,18.2,26.9,87.9,79.6,95.0,55.9,45.4,88.1,84.7,10.2,2115.0,,30.2,96.5,34.8,1.9,96.0,48.4,60.9,31.0,60.4,97.7,64.9,84.9,92.0,62.1,73.5,83.4,16.6,5.7,54.9,33.5,83.2,0.9,73.9,43.6,67.0,72.8,7.3,13.5,9.0,28.3,15.5,4.8,28.4,11.5,11.5,45.6,44.4,52.4,57.2,57.2,19.2,11.1,6.5,11.3,7.8,8.5,2.1,0.8,11.1,3.0,2.0,35.9,4.9,16.2
7,Assam,NFHS-4,Total,28621070,75.0,30.3,993,929.0,94.2,78.2,83.8,47.7,25.1,99.6,10.4,71.8,82.8,26.2,32.6,23.3,2.2,13.6,48.0,56.0,52.4,37.0,9.5,0.1,2.2,22.0,2.7,14.2,5.8,17.2,55.1,55.1,46.5,89.9,32.0,18.1,96.3,54.0,66.1,3210.0,1.9,22.9,70.6,60.0,3.9,74.3,13.4,53.3,12.9,47.1,82.3,56.0,66.5,71.4,52.0,51.3,93.3,5.3,2.9,51.9,22.0,50.8,1.0,46.8,64.4,63.5,49.9,8.7,10.8,8.9,36.4,17.0,6.2,29.8,25.7,20.7,13.2,12.9,35.7,46.1,46.0,25.4,5.2,2.4,6.6,3.3,11.7,3.0,1.3,15.0,3.1,1.5,5.2,5.2,6.0
8,Assam,NFHS-4,Rural,28621070,72.9,31.5,993,945.0,93.8,75.0,82.9,45.1,15.6,99.5,10.0,69.2,80.7,22.5,33.9,23.9,2.3,14.4,50.0,58.0,52.0,36.8,9.5,0.1,2.1,22.6,2.1,14.4,5.9,17.6,55.0,53.5,44.8,89.6,30.5,16.6,96.4,51.9,69.9,3054.0,1.9,22.7,68.2,59.8,4.1,72.1,10.8,48.3,11.4,44.4,81.0,53.7,64.6,69.7,50.0,50.5,95.3,3.3,2.9,50.9,21.3,49.8,1.1,45.1,64.8,63.1,50.5,8.6,8.3,8.5,38.0,17.5,6.4,30.8,27.0,21.7,10.9,10.5,36.5,46.3,46.3,26.8,4.9,2.1,6.4,3.0,11.4,3.1,1.3,14.4,2.7,1.6,5.1,5.0,5.6
9,Assam,NFHS-4,Urban,28621070,88.1,22.7,996,794.0,97.4,95.5,89.1,62.2,76.5,99.8,12.6,87.0,93.2,47.4,23.9,20.4,1.5,8.1,28.0,40.0,54.9,38.4,10.0,0.1,2.6,18.6,6.4,12.9,4.9,14.8,55.8,68.5,60.4,92.1,44.0,30.4,95.6,71.5,42.4,4501.0,1.8,24.8,92.9,61.7,1.8,94.1,36.9,65.6,26.6,70.9,94.3,76.4,82.8,86.1,70.0,58.5,77.3,21.8,3.6,58.7,26.9,57.8,0.5,58.0,60.4,67.3,44.0,10.3,,11.8,22.3,13.2,4.5,21.4,17.9,15.4,26.1,24.8,27.6,44.4,44.2,17.9,7.2,4.1,7.6,4.9,13.2,2.6,1.6,18.1,5.0,1.3,5.9,6.2,7.9
10,Assam,NFHS-3,Total,28621070,70.2,34.9,1008,1033.0,43.0,38.1,72.5,30.7,22.7,97.2,2.3,63.0,76.4,19.3,38.0,20.0,2.4,16.4,66.0,84.0,56.5,27.0,13.0,0.2,1.3,10.3,2.3,12.2,3.6,4.1,44.3,40.0,23.5,65.4,10.3,6.7,,13.2,,,0.0,,22.4,13.0,8.7,31.0,5.3,26.7,21.0,31.4,62.4,59.0,44.9,37.4,,12.2,87.0,7.3,8.1,14.5,,32.3,7.3,33.0,50.7,63.1,60.1,,,,46.5,13.7,4.0,36.4,36.5,35.6,7.8,5.0,69.4,69.1,69.3,39.4,,,,,,,,,,,,,
11,Bihar,NFHS-4,Total,45713180,56.9,39.3,1062,934.0,60.7,58.6,98.2,25.2,17.8,93.6,12.3,49.6,77.8,22.8,39.1,40.0,3.4,12.2,48.0,58.0,24.1,23.3,20.7,0.0,0.5,0.8,1.0,21.2,9.4,12.0,34.4,34.6,14.4,89.6,9.7,3.3,79.9,42.3,53.9,1724.0,1.8,10.8,63.8,47.7,8.2,70.0,6.2,31.0,2.6,61.7,91.7,72.9,80.2,79.4,65.5,62.3,95.5,3.9,10.4,45.2,20.1,54.8,2.5,59.8,34.9,53.5,30.7,7.3,9.2,7.5,48.3,20.8,7.0,43.9,30.4,25.4,11.7,12.6,63.5,60.4,60.3,32.2,4.2,1.9,6.7,3.3,4.4,0.9,0.6,7.6,1.3,0.5,12.1,4.5,5.8
12,Bihar,NFHS-4,Rural,45713180,54.8,40.1,1075,933.0,60.3,54.1,98.2,20.7,10.8,93.0,12.7,46.3,75.3,19.5,40.9,42.6,3.6,12.8,49.0,60.0,22.6,22.0,19.8,0.0,0.4,0.7,0.8,21.5,9.6,11.6,34.1,32.7,13.0,89.2,9.4,3.0,80.3,41.1,55.8,1718.0,1.7,10.1,62.7,48.2,8.5,69.0,5.4,29.5,2.3,61.9,91.7,73.0,80.2,79.6,65.6,62.7,96.4,3.2,10.7,43.8,19.5,54.7,2.6,60.1,34.2,54.2,29.5,7.1,9.0,7.4,49.3,20.8,6.9,44.6,31.8,26.9,9.7,10.9,64.0,60.7,60.5,34.1,4.1,1.8,6.4,3.1,4.5,0.9,0.6,7.0,1.2,0.5,12.3,4.6,5.5
13,Bihar,NFHS-4,Urban,45713180,71.5,34.0,977,942.0,64.5,88.2,97.8,54.9,63.8,97.4,9.8,70.6,88.8,44.3,26.9,27.2,2.4,8.3,34.0,40.0,34.6,32.1,26.8,0.1,1.3,1.1,2.3,19.1,8.1,15.2,36.9,50.4,26.3,93.1,12.3,6.6,76.2,52.6,40.0,1777.0,2.1,16.5,74.3,42.7,5.7,79.0,13.9,37.1,5.0,59.7,91.5,71.6,79.3,77.3,64.7,58.6,87.0,11.4,8.0,62.1,27.2,56.3,1.7,57.0,41.8,46.8,41.2,8.4,11.0,8.8,39.8,21.3,7.9,37.5,22.2,18.9,23.5,20.1,58.8,58.5,58.7,24.2,5.0,2.3,8.0,4.0,4.2,0.8,0.6,10.3,1.7,0.6,10.9,3.8,7.7
14,Bihar,NFHS-3,Total,45713180,39.4,43.8,1083,893.0,5.8,27.7,96.1,14.6,9.9,94.7,0.9,37.0,70.4,13.2,60.3,47.2,4.0,25.0,61.0,84.0,34.1,28.9,23.8,0.6,0.6,1.3,2.3,23.9,10.4,5.8,11.7,18.7,11.2,73.2,6.3,4.2,,13.4,,,0.4,,19.9,3.5,9.7,29.3,3.1,17.2,7.6,32.8,64.7,82.4,46.1,40.4,,25.1,73.2,9.8,10.7,20.9,,56.1,6.8,61.9,4.0,28.0,54.5,,,,55.6,27.1,8.3,55.9,45.0,35.3,4.6,6.3,78.0,68.2,67.4,34.3,,,,,,,,,,,,,
15,Chattisgarh,NFHS-4,Total,27092412,67.6,29.2,1019,977.0,86.1,95.6,91.1,32.7,22.8,99.1,68.5,66.3,85.7,26.5,21.3,26.9,2.2,4.8,54.0,64.0,57.7,54.5,46.2,0.7,1.6,1.7,3.9,11.1,5.3,28.5,54.7,70.8,59.1,94.3,30.3,21.7,91.4,63.6,66.2,1480.0,4.7,34.2,70.2,55.9,8.4,78.0,9.9,46.6,5.7,76.4,98.4,81.7,91.4,93.9,76.4,70.2,96.4,3.6,9.1,67.9,28.9,71.3,2.2,70.1,47.1,77.2,53.8,11.1,8.4,10.9,37.6,23.1,8.4,37.7,26.7,24.1,11.9,10.2,41.6,47.3,47.0,22.2,5.7,2.6,9.7,4.6,6.8,1.3,0.7,9.5,2.3,0.9,17.5,7.3,8.2
16,Chattisgarh,NFHS-4,Rural,27543544,63.7,30.1,1027,992.0,84.4,94.5,89.2,22.6,7.6,99.0,71.4,61.3,83.1,20.1,23.5,30.4,2.4,5.1,56.0,68.0,56.4,53.6,47.0,0.7,1.4,1.5,2.6,11.2,5.3,28.0,55.3,67.6,55.7,93.7,27.9,19.6,90.3,60.5,71.9,1310.0,4.5,32.3,66.8,57.2,8.9,75.1,7.5,48.6,5.0,74.3,98.7,80.2,91.0,93.3,75.0,69.4,98.6,1.4,8.6,67.8,29.7,69.0,2.2,68.2,47.8,78.2,54.4,10.4,3.2,10.1,39.2,23.7,8.5,39.6,29.6,25.2,7.8,6.8,41.2,48.5,48.2,23.9,5.4,2.4,8.6,3.7,6.9,1.3,0.8,8.8,1.6,0.5,16.5,7.2,7.5
17,Chattisgarh,NFHS-4,Urban,27543544,80.5,26.1,992,922.0,92.6,99.2,97.3,64.4,70.7,99.4,59.4,81.6,93.0,46.1,14.8,17.5,1.8,3.5,44.0,51.0,61.7,57.3,43.6,0.6,2.2,2.3,8.2,11.0,5.4,30.3,53.0,82.2,71.1,96.4,38.8,29.1,95.1,74.7,50.0,2157.0,6.1,41.0,83.3,50.7,6.4,89.3,18.9,44.3,8.9,84.9,97.1,87.5,93.2,96.3,81.9,73.3,87.6,12.4,11.3,68.3,26.8,77.9,2.3,78.6,44.3,73.7,50.3,14.3,16.7,14.5,31.6,20.6,8.0,30.2,17.6,21.1,24.4,20.0,42.9,43.6,43.3,17.2,6.6,3.1,12.9,7.2,6.5,1.4,0.6,11.5,4.6,2.1,20.5,7.6,10.5
18,Chattisgarh,NFHS-3,Total,27092412,53.4,35.6,1015,972.0,73.0,71.4,77.9,14.6,12.6,79.0,3.3,44.9,74.1,12.3,55.0,44.8,2.6,14.6,71.0,90.0,53.2,49.1,40.7,3.3,0.8,1.4,2.9,11.0,5.4,14.1,30.2,46.0,28.3,74.6,10.3,5.6,,20.9,,,0.3,,14.3,6.9,27.3,41.6,4.1,32.7,24.9,48.7,84.6,85.1,62.8,62.5,,8.9,93.8,4.6,5.2,40.0,,66.0,4.4,69.6,24.6,82.0,49.0,,,,52.9,19.5,5.6,47.1,43.4,38.5,5.6,4.9,71.2,57.1,57.5,27.0,,,,,,,,,,,,,
19,Gujarat,NFHS-4,Total,71251023,72.0,26.0,950,907.0,95.8,96.0,90.9,64.3,52.6,95.5,23.1,72.9,89.6,33.0,24.9,28.4,2.0,6.5,34.0,43.0,46.9,43.1,33.6,0.1,3.0,1.4,4.9,17.0,6.7,18.9,47.0,73.9,70.6,86.8,36.8,30.7,89.0,63.4,8.9,2136.0,3.7,15.8,88.7,32.6,2.2,87.3,18.4,26.6,10.8,50.4,87.9,62.3,72.7,75.0,38.6,71.2,87.1,12.6,8.4,46.2,17.4,65.4,1.4,70.2,50.0,55.8,49.4,5.8,2.8,5.2,38.5,26.4,9.5,39.3,27.2,24.7,23.7,19.7,62.6,55.1,54.9,21.7,5.8,2.7,7.6,3.5,7.4,1.5,0.8,9.9,2.3,0.8,25.2,7.5,12.5
20,Gujarat,NFHS-4,Rural,71251023,64.0,27.8,984,960.0,94.8,93.7,89.4,47.0,26.9,93.7,23.3,64.8,86.6,23.1,30.7,34.5,2.2,7.9,39.0,51.0,46.7,44.6,38.5,0.2,1.9,1.2,2.8,15.6,6.8,17.5,42.2,69.7,63.2,83.5,31.4,24.0,92.3,60.3,12.9,2020.0,3.2,15.8,85.5,35.7,2.5,83.9,12.0,20.1,5.5,50.4,85.9,63.0,69.1,73.7,37.2,72.2,93.9,5.6,8.8,44.0,19.9,61.3,1.4,66.5,47.8,60.2,44.4,5.6,3.0,5.2,42.9,28.5,10.2,44.2,34.3,29.6,15.4,14.4,64.6,57.6,57.5,25.0,5.3,2.5,7.2,3.4,6.7,1.3,0.8,9.2,2.5,0.9,24.9,7.9,11.7
21,Gujarat,NFHS-4,Urban,71251023,82.6,23.7,907,835.0,97.2,98.6,92.7,85.3,83.8,97.7,22.9,83.1,93.0,45.3,17.2,22.0,1.8,4.2,27.0,32.0,47.1,41.2,27.5,0.0,4.5,1.6,7.5,18.6,6.5,20.7,54.2,79.5,80.5,91.1,44.1,39.6,84.7,67.5,4.0,2331.0,5.4,15.7,93.4,28.2,1.8,92.3,27.8,33.9,20.4,50.4,90.6,61.5,77.6,76.7,40.5,69.9,78.2,21.8,7.7,49.7,13.2,72.1,1.5,76.3,53.0,48.7,55.4,6.1,2.6,5.3,31.7,23.4,8.6,32.0,18.1,19.0,34.5,25.9,59.5,51.8,51.6,17.8,6.3,3.0,8.2,3.8,8.2,1.7,0.7,10.8,2.0,0.6,25.6,7.0,13.4
22,Gujarat,NFHS-3,Total,71251023,65.3,31.6,934,906.0,85.6,89.3,89.2,44.2,39.7,72.1,10.2,63.8,83.0,23.5,38.7,31.4,2.4,12.7,50.0,61.0,66.6,56.5,42.9,0.6,4.4,2.6,5.8,8.4,4.0,14.6,39.8,55.0,50.5,80.4,25.3,20.7,,51.8,,,0.0,,52.7,13.9,10.4,63.0,8.9,18.0,13.8,45.2,86.4,65.3,61.4,65.7,,12.8,82.2,15.1,13.1,26.3,,60.9,4.7,72.2,27.1,47.8,54.1,,,,51.7,18.7,5.8,44.6,36.3,36.1,16.7,11.3,69.7,55.2,55.3,22.2,,,,,,,,,,,,,
23,Haryana,NFHS-4,Total,25249010,70.3,27.8,876,836.0,94.2,98.8,91.7,79.2,52.2,92.8,12.2,75.4,90.6,45.8,18.5,31.3,2.1,5.9,33.0,41.0,63.7,59.4,38.1,0.6,5.7,2.7,12.0,9.3,3.8,23.0,63.3,63.2,45.1,92.3,32.5,19.5,92.0,67.3,13.5,1503.0,1.4,21.4,80.5,52.0,5.8,84.7,11.7,25.3,8.6,62.2,92.8,75.3,76.5,79.0,54.3,66.7,94.8,5.1,7.7,60.6,21.9,77.3,3.2,80.1,42.4,50.3,35.9,7.0,10.0,7.5,34.0,21.2,9.0,29.4,15.8,11.3,21.0,20.0,71.7,63.1,62.7,20.9,4.8,1.8,6.1,2.1,7.6,1.1,0.5,14.4,1.8,0.6,32.8,15.7,26.6
24,Haryana,NFHS-4,Rural,25249010,65.6,28.1,895,867.0,94.3,98.3,94.3,77.4,28.9,91.1,9.3,72.1,88.9,39.7,17.8,35.8,2.2,6.4,33.0,44.0,66.2,62.2,42.7,0.6,5.4,2.4,10.7,8.3,3.7,23.0,61.4,63.0,42.6,91.9,33.2,18.3,92.5,67.3,16.0,1104.0,1.7,22.6,80.4,55.2,5.3,84.5,10.6,25.3,7.6,65.1,92.3,77.0,79.2,79.1,56.2,67.3,96.6,3.1,7.7,57.1,23.3,76.2,3.1,80.0,44.6,52.4,34.5,7.0,9.5,7.4,34.3,21.3,8.9,29.9,18.2,12.9,18.8,19.3,72.9,64.2,63.9,21.5,4.2,1.4,6.1,2.3,7.2,0.8,0.5,14.2,1.8,0.7,34.3,14.9,26.3
25,Haryana,NFHS-4,Urban,25249010,77.8,27.4,846,785.0,94.0,99.6,88.0,81.7,84.9,95.3,16.3,80.3,93.0,55.1,19.6,25.7,1.8,4.9,31.0,36.0,60.0,55.1,31.0,0.5,6.2,3.0,13.9,10.9,4.0,23.0,66.8,63.5,49.3,93.0,31.3,21.4,91.1,67.4,9.3,2300.0,0.9,19.6,80.6,46.3,6.5,85.0,13.6,25.3,10.7,57.0,93.8,72.1,71.6,78.8,50.8,65.7,91.4,8.6,7.6,67.0,19.5,79.3,3.3,80.2,38.3,46.6,38.8,7.1,10.7,7.8,33.4,21.0,9.2,28.5,12.2,9.0,24.3,21.0,69.6,61.4,60.8,20.1,5.7,2.3,6.2,1.9,8.2,1.5,0.6,14.7,1.7,0.5,30.5,17.0,27.0
26,Haryana,NFHS-3,Total,25249010,59.8,34.7,897,762.0,71.7,91.5,95.6,40.0,29.9,71.8,6.7,60.4,83.4,29.6,39.8,41.6,2.7,12.1,41.0,52.0,63.4,58.3,38.2,0.7,4.7,2.8,11.8,9.5,3.0,11.4,41.4,51.4,41.8,83.4,17.7,11.9,,39.3,,,0.0,,35.7,13.9,13.3,48.9,5.3,15.2,14.3,65.3,84.9,82.8,74.2,75.5,,10.5,92.6,6.5,10.3,24.3,,81.7,2.7,88.9,22.3,16.9,42.6,,,,45.7,19.1,5.0,39.6,31.4,30.9,17.4,10.8,72.3,55.2,56.1,19.2,,,,,,,,,,,,,
27,Jharkhand,NFHS-4,Total,21732533,61.1,32.9,1002,919.0,65.0,80.1,77.8,24.4,18.9,97.6,13.3,59.0,79.7,28.7,38.0,30.2,2.6,12.0,44.0,54.0,40.4,37.5,31.1,0.2,1.0,2.6,2.2,18.4,9.0,19.6,39.4,52.0,30.3,91.8,15.3,8.0,86.9,44.4,41.6,1476.0,2.2,21.7,61.9,41.8,8.0,69.6,9.9,39.5,4.6,61.9,95.8,73.8,82.4,82.6,56.4,52.9,95.3,4.6,6.9,44.8,19.1,56.7,3.2,67.2,33.2,64.8,47.2,7.2,7.1,7.2,45.3,29.0,11.4,47.8,31.5,23.8,10.3,11.1,69.9,65.3,65.2,29.9,4.9,2.1,7.7,3.4,5.9,1.2,0.7,9.3,2.0,0.9,10.5,4.2,4.1
28,Jharkhand,NFHS-4,Rural,21732533,55.7,34.8,1014,926.0,61.9,74.4,74.0,12.4,6.3,97.2,13.2,51.5,75.9,20.2,44.3,34.5,2.8,13.9,46.0,58.0,38.3,35.8,30.5,0.2,0.9,2.4,1.4,19.1,9.5,19.6,39.3,47.4,24.8,90.8,12.4,5.5,86.6,40.9,47.4,1391.0,2.3,21.1,57.3,43.2,8.7,65.6,7.0,37.4,3.8,60.7,95.1,72.4,81.3,82.0,54.5,53.8,98.3,1.6,7.1,44.0,19.3,55.7,3.2,64.7,33.8,65.2,45.1,6.7,6.8,6.7,48.0,29.5,11.4,49.8,35.4,25.6,5.9,7.5,71.5,67.5,67.3,33.0,4.4,1.6,7.2,3.2,5.6,1.2,0.8,8.7,1.8,0.9,9.9,3.9,3.5
29,Jharkhand,NFHS-4,Urban,21732533,77.1,27.4,967,893.0,77.7,96.7,88.6,59.0,55.4,98.7,13.7,79.0,88.3,51.1,21.1,19.4,1.8,6.6,34.0,38.0,46.7,42.5,32.7,0.2,1.3,3.3,4.5,16.1,7.4,19.8,39.6,70.4,52.1,95.7,26.9,17.9,88.0,58.3,25.2,1889.0,1.0,24.4,81.6,36.0,5.0,86.9,22.4,42.4,8.6,67.0,98.7,79.9,87.1,85.4,64.7,48.8,81.5,18.5,6.1,49.1,18.0,61.4,3.4,76.0,30.4,63.1,55.4,9.8,7.6,9.6,33.7,26.8,11.1,39.3,21.6,19.4,21.7,19.8,63.2,59.7,59.6,22.5,6.2,3.2,8.8,3.6,6.5,1.3,0.6,10.6,2.5,1.0,12.0,5.0,5.8
30,Jharkhand,NFHS-3,Total,21732533,46.3,39.5,1022,1091.0,9.1,40.2,57.0,15.1,10.5,92.7,4.6,37.1,68.5,15.1,63.2,47.1,3.3,27.5,69.0,93.0,35.7,31.1,23.4,0.4,0.6,3.8,2.7,24.6,11.2,9.4,24.8,33.2,18.2,67.7,9.5,4.9,,15.6,,,0.4,,18.3,3.4,9.5,27.8,3.9,22.2,15.9,34.2,72.7,79.3,40.3,47.6,,18.0,83.0,11.1,13.3,17.4,,45.7,5.2,63.0,10.9,57.8,60.2,,,,49.8,32.3,11.8,56.5,42.9,38.6,5.4,4.9,70.3,69.4,69.5,36.5,,,,,,,,,,,,,
31,Karnataka,NFHS-4,Total,58294582,70.7,24.4,979,910.0,94.9,97.8,89.3,57.8,54.7,86.8,28.1,71.7,85.1,45.5,23.2,10.9,1.8,7.8,28.0,32.0,51.8,51.3,48.6,0.1,0.8,0.4,1.3,10.4,6.0,19.8,41.5,66.0,70.3,88.3,45.3,32.9,89.3,65.6,19.9,3893.0,5.6,22.3,94.3,61.4,3.1,93.9,23.6,40.3,16.9,62.6,92.5,74.6,77.9,82.4,58.9,78.7,88.2,11.4,4.5,52.8,34.3,69.7,1.2,76.9,56.4,54.2,46.0,5.8,14.4,8.2,36.2,26.1,10.5,35.2,20.7,16.5,23.3,22.1,60.9,44.8,44.8,18.2,6.3,3.2,8.4,3.7,7.1,1.9,0.7,12.0,2.2,1.2,15.6,12.8,16.8
32,Karnataka,NFHS-4,Rural,58294582,63.1,25.0,990,935.0,94.9,97.0,88.9,42.6,32.1,82.0,31.8,63.8,81.2,35.1,27.0,12.5,1.9,9.6,34.0,39.0,54.5,54.3,52.8,0.0,0.6,0.3,0.6,8.8,5.3,20.9,42.0,67.3,70.9,88.6,44.7,31.5,93.5,64.9,25.4,3411.0,4.6,23.2,93.5,68.9,3.6,94.6,19.9,39.1,14.8,64.8,95.2,78.2,82.1,83.8,62.8,81.3,96.1,3.9,4.3,58.7,38.1,73.8,1.3,76.4,58.2,58.2,42.8,4.3,12.5,6.3,38.5,26.9,11.0,37.7,24.3,18.4,16.6,17.1,63.4,46.1,46.2,18.3,5.1,2.3,7.7,2.9,7.1,1.8,0.8,11.7,2.0,1.0,17.0,13.6,14.7
33,Karnataka,NFHS-4,Urban,58294582,81.4,23.5,963,875.0,95.0,99.0,89.8,77.3,83.8,93.0,23.4,81.8,90.0,58.9,17.9,8.5,1.7,5.3,19.0,23.0,48.0,47.1,42.8,0.1,1.2,0.7,2.2,12.6,7.0,18.4,40.7,64.2,69.5,87.8,46.0,34.9,83.1,66.7,12.5,4800.0,7.5,21.1,95.4,50.2,2.3,92.8,29.2,41.3,21.0,59.8,89.2,70.0,72.7,80.7,54.1,75.1,77.8,21.3,4.8,44.9,29.1,64.2,1.0,77.8,53.7,46.9,52.4,8.3,16.3,10.9,32.6,24.8,9.7,31.5,16.2,14.2,31.8,28.6,57.2,43.0,43.0,18.1,7.9,4.2,9.4,4.8,7.0,2.1,0.6,12.5,2.4,1.4,13.7,11.7,19.5
34,Karnataka,NFHS-3,Total,58294582,62.2,30.9,1028,922.0,58.3,89.3,86.1,33.5,29.3,66.0,10.3,59.7,75.3,27.8,41.2,18.1,2.1,17.0,43.0,54.0,63.6,62.5,57.4,0.2,2.5,0.8,1.7,10.1,5.7,16.3,30.3,70.9,68.0,78.6,28.2,24.8,,56.6,,,0.6,,64.7,34.8,6.8,69.7,15.5,31.9,17.2,55.0,87.8,73.8,74.0,72.0,,13.6,74.8,19.7,8.6,31.9,,67.2,1.7,78.1,35.6,58.6,69.7,,,,43.7,17.6,5.9,37.6,35.4,33.9,15.3,10.9,70.3,50.8,51.2,19.0,,,,,,,,,,,,,
35,Kerala,NFHS-4,Total,47712429,95.4,20.2,1049,1047.0,97.7,99.2,94.3,98.1,57.4,98.4,47.7,97.9,98.7,72.2,7.6,2.8,1.6,3.0,6.0,7.0,53.1,50.3,45.8,0.1,1.6,0.2,2.6,13.7,8.3,17.0,55.6,95.1,90.2,96.5,67.1,61.2,84.2,88.7,20.4,6901.0,,49.1,99.9,38.4,0.1,100.0,35.8,38.6,31.4,82.1,98.1,88.5,90.4,89.4,82.4,74.4,77.6,22.4,3.4,49.4,14.1,76.3,0.8,90.1,64.3,53.3,63.1,21.3,22.3,21.4,19.7,15.7,6.5,16.1,9.7,8.5,32.4,28.5,35.6,34.6,34.2,11.3,8.7,4.8,13.1,6.3,5.5,0.8,0.5,7.5,1.3,0.7,61.3,33.4,50.8
36,Kerala,NFHS-4,Rural,47712429,94.5,20.1,1040,1032.0,98.1,98.9,93.0,97.5,50.6,98.1,49.8,97.3,98.6,70.5,7.5,3.8,1.6,3.2,5.0,6.0,52.9,50.1,45.9,0.1,1.7,0.1,2.2,13.2,7.9,16.2,56.1,94.2,91.7,96.7,64.9,59.5,86.1,89.6,21.5,6944.0,,50.1,99.9,40.8,0.1,100.0,34.6,38.1,29.8,82.0,97.9,87.6,90.3,88.6,82.1,74.5,81.7,18.3,4.0,54.9,19.4,80.4,1.0,89.9,64.8,51.3,62.4,22.7,20.6,22.5,19.5,15.5,6.1,16.7,10.2,8.6,31.5,26.3,35.7,32.7,32.4,10.4,9.0,4.8,12.6,7.7,6.1,1.0,0.5,9.3,1.2,0.8,61.0,32.9,50.1
37,Kerala,NFHS-4,Urban,47712429,96.5,20.3,1058,1062.0,97.3,99.5,95.7,98.7,65.2,98.8,45.3,98.4,98.8,74.1,7.7,1.8,1.6,2.7,6.0,8.0,53.3,50.6,45.7,0.1,1.5,0.3,3.0,14.3,8.8,17.9,55.0,96.2,88.5,96.2,69.7,63.1,82.0,87.7,19.1,6848.0,,48.1,99.9,35.6,0.1,100.0,37.1,39.2,33.5,82.2,98.3,89.6,90.5,90.3,82.7,74.3,72.6,27.4,2.7,40.5,5.4,69.5,0.6,90.2,63.7,55.0,64.2,19.5,,19.9,19.8,16.0,7.1,15.5,9.1,8.4,33.5,31.1,35.5,36.7,36.3,12.4,8.4,4.8,13.7,4.7,4.8,0.6,0.6,5.6,1.5,0.5,61.7,34.0,51.5
38,Kerala,NFHS-3,Total,47712429,89.8,25.4,1124,925.0,88.6,91.0,69.1,90.5,27.8,82.6,8.9,93.0,95.5,48.7,15.4,2.9,1.9,5.8,15.0,16.0,68.6,57.9,48.7,1.0,2.3,0.4,5.5,9.8,6.1,11.3,46.7,91.9,93.0,88.7,70.1,66.7,,84.6,,,,,99.3,35.6,0.1,99.4,30.1,32.7,26.0,75.3,96.3,83.1,84.0,82.1,,31.5,66.0,30.7,6.8,32.4,,63.3,2.7,80.7,55.4,56.2,93.9,,,,24.5,15.9,4.1,22.9,18.0,21.5,28.1,17.9,44.5,32.8,32.8,8.0,,,,,,,,,,,,,
39,Madhya Pradesh,NFHS-4,Total,54540802,64.0,30.3,948,927.0,81.9,89.9,84.7,33.7,29.6,93.2,17.7,59.4,81.8,23.2,30.0,39.5,2.3,7.3,51.0,65.0,51.4,49.6,42.2,0.5,0.5,1.3,4.9,12.1,5.7,20.4,39.4,53.1,35.7,89.8,23.6,11.4,92.2,55.0,61.1,1387.0,2.5,17.5,80.8,69.5,2.3,78.1,8.6,40.8,5.8,53.6,91.6,63.6,73.4,79.6,56.3,60.4,95.7,3.7,9.5,55.2,26.6,68.2,2.1,70.9,34.5,58.2,38.1,6.9,4.8,6.6,42.0,25.8,9.2,42.8,28.3,28.4,13.6,10.9,68.9,52.4,52.5,25.5,5.1,2.1,6.7,2.9,6.1,1.2,0.6,8.2,2.0,0.7,24.0,10.4,12.3
40,Madhya Pradesh,NFHS-4,Rural,54540802,58.0,31.6,955,937.0,78.4,86.4,79.5,19.4,9.9,91.2,15.4,51.4,78.5,14.1,35.8,46.2,2.5,8.6,54.0,69.0,51.3,49.8,45.2,0.5,0.4,0.9,2.7,11.6,5.6,19.3,36.3,47.9,29.6,88.3,20.5,8.3,91.3,50.3,66.6,1259.0,2.1,16.7,76.4,70.3,2.6,73.8,5.1,38.0,3.9,50.2,90.3,61.5,70.7,77.7,53.4,58.6,98.3,1.0,9.4,52.5,26.8,67.0,2.4,68.3,35.5,59.6,35.7,6.2,5.1,6.0,43.6,27.1,9.6,45.0,31.8,31.1,9.1,7.8,69.9,53.7,53.8,27.4,4.6,1.7,6.0,2.4,5.9,1.1,0.6,7.3,1.8,0.5,21.8,10.2,11.0
41,Madhya Pradesh,NFHS-4,Urban,54540802,78.1,26.9,933,899.0,92.2,97.9,96.8,66.6,74.8,97.9,23.0,77.5,88.7,43.6,16.6,24.6,2.0,3.9,44.0,52.0,51.6,49.0,35.0,0.4,0.9,2.2,10.3,13.5,6.0,22.9,49.0,66.5,51.6,93.8,31.6,19.5,94.3,67.1,49.3,1746.0,6.7,19.6,93.8,66.9,1.5,90.4,19.1,42.7,11.4,63.0,95.0,69.5,80.8,85.1,64.3,65.6,88.9,10.8,9.7,62.8,26.1,71.5,1.3,79.6,31.6,54.2,45.3,8.9,4.4,8.2,37.5,22.0,8.1,36.5,20.6,22.5,23.8,17.6,66.3,49.7,49.7,21.4,6.2,3.0,8.1,3.9,6.5,1.4,0.7,10.2,2.5,1.2,29.1,10.9,15.2
42,Madhya Pradesh,NFHS-3,Total,54540802,52.0,37.3,961,960.0,29.7,71.4,74.2,18.7,18.3,58.8,4.8,44.4,73.5,14.0,53.0,59.4,3.1,13.6,69.0,93.0,55.9,52.8,44.3,1.3,0.7,1.7,4.8,12.1,5.4,15.9,47.1,39.3,22.3,70.7,7.1,4.7,,24.9,,,0.2,,26.2,18.4,6.6,32.7,3.5,28.8,6.8,40.3,80.5,75.6,49.8,61.4,,12.5,86.7,6.7,12.1,29.8,,58.5,3.7,65.1,14.9,21.6,46.0,,,,50.0,35.0,12.6,60.0,41.7,41.6,7.6,4.3,74.0,55.8,55.9,25.4,,,,,,,,,,,,,
43,Maharashtra,NFHS-4,Total,100080305,77.4,24.5,952,924.0,95.1,92.5,91.5,51.9,59.9,96.4,15.0,80.3,92.8,42.0,25.1,16.7,1.9,8.3,24.0,29.0,64.8,62.6,50.7,0.4,1.6,2.4,7.1,9.7,4.3,18.5,36.1,67.6,72.2,90.4,40.6,32.4,90.9,78.5,8.7,3487.0,6.4,30.5,90.3,48.9,3.6,91.1,20.1,33.1,13.1,56.3,90.0,67.0,74.9,82.8,60.8,70.5,86.2,13.6,8.5,60.5,13.0,77.6,2.4,84.7,57.5,56.6,43.3,5.3,12.2,6.5,34.4,25.6,9.4,36.0,23.5,19.1,23.4,23.8,53.8,47.9,48.0,17.6,5.0,2.3,5.9,2.5,7.1,1.4,0.6,11.5,3.6,0.8,42.5,22.1,16.4
44,Maharashtra,NFHS-4,Rural,100080305,70.3,25.6,967,927.0,94.6,90.0,85.6,44.2,33.7,94.4,13.8,74.8,91.2,32.6,31.5,17.5,2.1,10.4,24.0,30.0,65.5,64.2,55.9,0.7,1.1,1.7,4.6,8.6,4.2,19.3,32.4,66.8,69.4,90.7,37.9,29.6,92.7,75.7,11.0,3653.0,6.9,31.6,86.7,50.9,4.6,88.1,15.2,27.5,10.5,56.7,89.8,69.1,74.8,82.9,63.5,69.2,92.3,7.6,9.9,58.8,11.9,78.7,2.2,83.0,59.5,60.6,38.8,4.1,10.0,5.0,38.4,26.1,9.4,40.0,30.0,23.7,14.6,16.4,54.0,47.7,47.8,19.7,4.4,1.8,5.4,2.4,6.6,1.4,0.7,11.0,2.7,0.8,44.4,21.7,15.3
45,Maharashtra,NFHS-4,Urban,100080305,85.3,23.3,935,920.0,95.8,95.1,97.7,59.8,87.1,98.5,16.2,85.9,94.4,51.6,18.8,16.0,1.7,6.0,23.0,27.0,63.9,60.7,44.8,0.2,2.3,3.1,9.9,11.0,4.4,17.8,40.9,68.7,75.6,90.0,43.9,35.7,88.8,82.0,6.2,3257.0,4.9,29.3,94.8,46.4,2.3,95.0,26.3,38.4,16.6,55.8,90.3,64.4,75.0,82.6,57.3,72.2,78.5,21.3,6.8,63.8,15.2,75.6,2.5,87.0,55.0,51.3,48.8,6.9,13.8,8.5,29.3,24.9,9.5,30.7,16.8,14.5,32.4,31.2,53.6,48.2,48.2,15.5,5.7,2.7,6.5,2.6,7.6,1.4,0.5,12.1,4.4,0.8,40.5,22.4,17.6
46,Maharashtra,NFHS-3,Total,100080305,70.3,30.6,972,867.0,80.0,83.5,92.7,31.6,43.9,74.2,7.1,70.3,88.3,30.7,39.0,20.7,2.1,13.8,37.0,46.0,66.9,64.9,51.1,2.1,3.0,2.4,6.2,10.0,5.3,8.5,32.6,62.1,59.8,85.1,18.6,14.7,,57.1,,,0.7,,64.6,26.5,4.6,68.8,11.6,22.3,11.6,58.8,95.3,73.4,76.1,84.7,,23.3,79.6,18.2,8.1,38.5,,78.0,4.6,79.6,51.8,53.0,45.5,,,,46.3,16.5,5.2,37.0,36.2,33.5,14.5,11.9,63.4,48.0,48.4,16.8,,,,,,,,,,,,,
47,Odisha,NFHS-4,Total,36805529,67.8,26.6,1036,933.0,82.1,85.5,88.8,29.4,19.2,93.0,47.7,67.4,84.3,26.7,21.3,11.0,2.1,7.6,40.0,49.0,57.3,45.4,28.3,0.2,1.1,12.0,3.4,13.6,4.7,23.0,61.6,64.1,62.0,94.5,36.5,23.1,97.2,73.3,72.6,4225.0,6.9,29.5,85.4,75.9,3.3,86.6,13.8,53.7,11.5,78.6,94.1,82.8,89.2,87.9,83.2,69.1,98.3,1.0,9.8,68.6,17.0,68.6,2.4,0.0,68.6,65.6,54.9,8.9,5.0,8.5,34.1,20.4,6.4,34.4,26.4,19.5,16.5,17.2,44.6,51.2,51.0,28.4,7.3,3.4,10.7,5.8,6.9,1.4,0.7,9.7,2.0,0.8,28.4,6.1,7.1
48,Odisha,NFHS-4,Rural,36805529,65.3,27.2,1044,927.0,80.7,83.8,87.5,23.0,10.7,92.0,51.9,64.5,81.9,23.0,21.7,11.7,2.1,8.0,43.0,53.0,56.5,44.8,28.7,0.2,1.1,11.9,2.5,13.7,5.0,23.1,61.4,63.1,60.6,94.1,35.8,22.3,97.2,73.3,75.5,4125.0,7.3,30.3,84.7,77.4,3.6,86.1,12.1,56.0,10.4,79.2,94.2,83.3,89.6,88.5,84.0,68.1,99.2,0.1,10.2,68.6,17.5,68.9,2.5,0.0,68.8,65.8,54.4,8.8,5.1,8.5,35.3,20.9,6.4,35.8,28.7,21.4,13.2,13.3,45.7,51.9,51.8,31.5,7.2,3.2,10.7,5.4,6.7,1.3,0.7,8.8,1.5,0.7,28.0,5.9,6.4
49,Odisha,NFHS-4,Urban,36805529,80.0,23.5,999,966.0,90.0,94.3,95.3,61.0,60.8,97.8,27.0,80.7,93.0,43.9,19.5,8.1,1.7,5.8,21.0,25.0,61.3,48.3,25.9,0.1,1.3,12.4,7.9,13.5,3.5,22.5,62.6,69.6,69.7,96.5,46.5,27.1,97.2,73.6,57.6,4900.0,4.0,25.0,89.7,66.9,1.3,89.7,24.1,49.5,19.1,75.0,93.3,79.9,87.4,84.7,78.8,74.8,93.2,6.2,7.3,68.6,13.5,65.8,1.9,0.0,67.6,64.3,57.5,9.4,4.7,8.9,27.2,17.0,6.3,26.2,15.8,12.6,32.0,32.4,38.1,47.7,47.6,16.2,7.7,4.2,10.9,7.2,7.8,1.8,0.6,13.1,3.7,0.9,30.1,7.0,9.9
50,Odisha,NFHS-3,Total,36805529,57.6,32.1,1034,734.0,57.0,45.4,78.4,15.3,9.8,76.1,1.6,52.2,74.1,15.6,37.2,22.2,2.4,14.5,65.0,91.0,50.7,44.7,33.1,1.0,0.5,7.0,3.0,16.0,6.6,8.6,22.7,48.3,36.9,83.3,13.2,12.3,,31.7,,,0.2,,35.6,28.8,8.3,44.0,5.1,32.4,10.0,51.8,83.6,65.1,67.9,66.5,,20.4,86.4,2.5,11.8,39.8,,56.2,2.8,0.0,54.4,50.8,65.5,,,,45.0,19.6,5.2,40.7,41.4,35.7,6.6,6.0,65.0,60.9,61.1,33.9,,,,,,,,,,,,,
51,Punjab,NFHS-4,Total,26062777,76.0,23.2,905,860.0,98.3,99.6,99.1,81.5,65.9,98.4,21.2,81.4,87.5,55.1,7.6,11.1,1.6,2.6,29.0,33.0,75.8,66.3,37.5,0.6,6.8,2.5,18.9,6.2,2.4,29.4,79.2,75.6,68.5,92.9,42.6,30.7,95.1,87.2,19.1,1890.0,2.8,47.2,90.5,51.7,4.5,94.1,24.6,39.7,17.8,89.1,98.2,93.7,94.5,93.1,91.0,70.6,89.0,11.0,6.6,66.2,26.7,87.2,4.1,90.3,30.7,53.0,41.1,5.7,6.7,5.9,25.7,15.6,5.6,21.6,11.7,10.9,31.3,27.8,56.6,54.0,53.5,25.9,6.1,2.6,6.7,2.9,10.5,2.0,0.7,17.4,3.1,1.3,38.0,21.1,37.6
52,Punjab,NFHS-4,Rural,26062777,71.4,23.3,913,909.0,99.0,99.6,99.0,79.1,49.4,98.1,22.1,78.4,85.2,47.4,8.1,12.6,1.6,2.6,34.0,39.0,75.4,67.1,41.2,0.7,6.0,2.5,16.5,6.8,2.6,30.6,77.3,75.3,67.8,92.1,40.0,27.9,95.8,87.7,22.7,2043.0,3.4,47.6,91.5,58.5,4.2,95.0,23.7,38.9,18.6,89.3,98.5,94.8,95.7,93.3,92.2,71.5,94.3,5.7,5.9,67.3,25.5,88.1,3.9,90.7,31.6,51.7,38.1,5.0,6.4,5.2,24.5,16.1,5.9,21.1,13.5,12.3,30.6,25.0,57.2,54.7,54.4,27.1,6.3,2.7,6.6,2.7,11.1,2.1,0.8,18.9,3.0,1.3,38.4,20.2,34.5
53,Punjab,NFHS-4,Urban,26062777,83.1,23.1,893,792.0,97.3,99.6,99.3,85.0,89.8,98.9,19.8,86.1,90.8,66.9,6.9,9.0,1.6,2.5,22.0,25.0,76.4,65.3,32.0,0.4,7.8,2.5,22.4,5.4,1.9,27.3,82.2,76.0,69.4,94.0,40.8,34.8,93.9,86.6,13.8,1576.0,2.2,46.7,89.0,41.3,5.0,92.7,25.8,40.4,15.9,88.7,97.7,92.0,92.6,92.7,89.1,69.3,80.4,19.6,7.6,64.9,28.1,86.2,4.4,89.7,29.4,54.8,46.3,6.9,7.1,7.0,27.6,15.0,5.0,22.4,9.0,8.9,32.4,32.1,55.7,52.9,52.3,24.1,5.7,2.5,6.8,3.3,9.7,1.8,0.5,15.2,3.1,1.5,37.4,22.5,42.3
54,Punjab,NFHS-3,Total,26062777,66.9,29.6,882,963.0,76.8,96.3,99.4,50.5,40.2,85.8,6.8,68.7,82.9,38.4,19.7,27.2,2.0,5.5,42.0,52.0,63.3,56.1,30.8,1.2,5.5,2.9,15.5,9.0,2.7,7.8,39.4,60.4,60.2,83.8,22.5,11.8,,53.1,,,0.2,,51.3,12.3,16.8,68.2,16.5,31.5,34.3,60.1,88.0,75.9,70.5,78.0,,14.6,85.5,14.5,7.8,34.1,,76.2,6.9,85.1,10.3,35.7,50.9,,,,36.7,9.2,2.1,24.9,18.9,20.6,29.9,22.2,66.4,37.9,38.0,13.6,,,,,,,,,,,,,
55,Rajasthan,NFHS-4,Total,77577974,57.2,31.2,973,887.0,66.6,91.0,85.5,45.0,31.8,93.5,18.7,56.5,85.4,25.1,35.4,35.7,2.4,6.3,41.0,51.0,59.7,53.5,40.7,0.2,1.2,2.4,8.7,12.3,5.7,17.5,43.5,63.0,38.5,89.7,17.3,9.7,92.3,63.7,56.1,3052.0,1.2,22.6,84.0,63.5,3.2,86.6,8.6,23.2,6.1,54.8,88.8,65.4,71.6,78.1,53.1,39.6,94.4,4.4,7.4,56.2,17.5,73.9,2.1,82.6,28.4,58.2,30.1,3.4,3.7,3.4,39.1,23.0,8.6,36.7,27.0,22.7,14.1,13.2,60.3,46.8,46.8,17.2,3.5,1.2,5.7,2.4,5.5,0.9,0.5,10.2,1.7,0.5,18.9,4.8,8.0
56,Rajasthan,NFHS-4,Rural,77577974,52.0,32.6,989,899.0,62.5,88.4,83.3,35.6,15.2,92.0,18.5,49.8,82.6,18.8,40.5,44.7,2.6,6.9,44.0,54.0,58.3,52.1,42.5,0.2,1.0,2.1,6.1,12.3,5.8,17.4,41.8,59.6,34.1,88.6,14.8,7.4,92.6,61.5,59.1,2969.0,0.8,22.0,82.3,65.1,3.3,84.9,6.5,20.4,4.6,53.1,87.0,64.5,69.8,75.8,51.7,37.5,96.0,2.4,6.9,53.2,17.0,71.2,2.1,81.6,28.9,57.5,28.9,3.3,3.4,3.3,40.8,23.4,8.7,38.4,29.9,25.1,10.7,10.6,61.6,49.0,49.0,18.0,3.3,1.1,5.7,2.0,5.2,0.7,0.5,9.7,1.6,0.4,18.0,4.7,7.1
57,Rajasthan,NFHS-4,Urban,77577974,73.7,27.1,928,845.0,81.5,98.6,91.7,72.5,80.4,97.8,19.4,75.8,92.4,43.1,20.3,16.4,1.9,4.5,31.0,37.0,64.1,57.9,35.3,0.2,2.1,3.5,16.5,12.4,5.2,17.7,49.7,74.9,53.8,93.5,25.6,17.5,91.3,71.3,46.6,3387.0,4.1,24.5,90.3,57.6,2.9,92.8,16.4,28.8,12.2,60.9,95.3,68.5,78.4,86.5,58.0,47.3,88.8,11.1,8.9,64.6,18.9,82.0,1.8,85.8,26.6,61.3,34.7,3.5,4.7,3.8,33.0,21.6,7.9,30.7,18.6,16.7,23.7,19.7,55.7,40.7,40.7,15.2,3.9,1.7,5.8,3.3,6.4,1.5,0.6,11.6,2.0,0.8,21.5,5.2,10.6
58,Rajasthan,NFHS-3,Total,77577974,43.9,38.9,957,847.0,16.4,66.1,81.8,19.3,20.7,63.3,4.5,36.2,73.9,11.7,65.2,57.0,3.2,16.0,65.0,85.0,47.3,44.4,34.2,0.8,1.6,2.0,5.7,15.7,7.3,10.4,31.6,34.0,23.4,65.2,8.7,6.3,,26.9,,,0.1,,29.6,19.0,11.5,41.0,3.8,14.9,11.7,26.5,68.5,65.2,38.7,42.7,,8.6,87.2,4.1,10.3,16.5,,56.6,6.9,69.7,13.3,33.2,38.7,,,,43.7,20.4,7.3,39.9,36.7,40.5,8.9,6.2,69.6,52.6,53.1,23.6,,,,,,,,,,,,,
59,Tamil Nadu,NFHS-4,Total,83450031,77.2,23.3,1033,954.0,98.3,98.8,90.6,52.2,73.0,82.8,64.1,79.4,89.1,50.9,15.7,17.0,1.7,5.0,21.0,27.0,53.2,52.6,49.4,0.0,1.9,0.2,0.8,10.1,4.8,30.2,76.7,64.0,81.2,71.0,64.0,45.0,96.0,74.1,29.5,2496.0,11.3,35.4,99.0,66.7,0.6,99.3,34.1,51.3,26.3,69.7,94.9,82.3,84.5,85.1,68.2,68.3,86.1,14.0,8.0,61.8,41.3,73.2,2.8,82.2,54.7,48.3,67.5,21.4,47.1,30.7,27.1,19.7,7.9,23.8,14.6,12.4,30.9,28.2,50.7,55.4,55.1,20.4,7.1,3.9,9.7,5.6,6.2,1.6,0.5,11.5,2.8,1.2,23.1,15.4,12.1
60,Tamil Nadu,NFHS-4,Rural,83450031,70.7,24.1,1047,939.0,98.2,98.3,94.5,34.0,58.0,76.2,69.1,72.9,86.2,42.9,18.3,15.2,1.9,6.3,23.0,31.0,52.3,51.6,49.4,0.0,1.4,0.1,0.5,9.6,4.5,30.8,76.6,62.9,81.0,69.7,62.9,43.8,96.0,73.8,33.6,2511.0,13.0,35.8,98.7,73.8,0.6,99.0,32.3,55.2,25.1,66.8,93.9,80.7,83.1,84.4,66.1,70.5,91.9,8.1,7.8,58.7,36.3,72.5,2.9,81.1,54.2,48.7,59.8,21.8,51.5,31.7,28.6,20.3,7.6,25.7,18.5,14.3,25.4,25.6,52.5,56.9,56.8,24.3,6.3,3.4,9.2,5.3,5.5,1.2,0.5,10.8,2.5,1.2,24.4,16.9,13.0
61,Tamil Nadu,NFHS-4,Urban,83450031,83.6,22.4,1020,972.0,98.5,99.2,86.9,69.7,87.4,89.1,59.2,85.6,91.7,58.6,13.0,18.4,1.5,3.7,18.0,24.0,54.1,53.5,49.4,0.0,2.3,0.4,1.2,10.6,5.1,29.7,76.7,65.1,81.3,72.4,65.1,46.3,96.0,74.3,25.3,2476.0,,34.9,99.2,58.7,0.6,99.6,36.1,48.6,28.0,73.3,96.2,84.4,86.3,85.9,70.9,65.9,78.7,21.3,8.2,65.0,46.6,73.9,2.7,83.4,55.4,47.8,76.4,20.9,42.6,29.4,25.5,19.0,8.2,21.5,10.9,10.7,36.2,30.6,48.6,53.9,53.4,16.9,8.0,4.5,10.2,5.9,6.8,1.9,0.6,12.2,3.0,1.2,21.7,14.0,11.2
62,Tamil Nadu,NFHS-3,Total,83450031,69.4,26.6,1078,896.0,85.8,88.6,91.4,22.4,31.4,65.5,4.0,69.4,84.1,31.8,21.5,14.0,1.8,7.7,30.0,35.0,61.4,60.0,55.0,0.4,2.1,0.2,2.3,10.2,4.1,21.6,66.4,75.3,87.4,95.9,28.2,27.5,,85.6,,,2.1,,87.8,48.1,2.9,90.6,20.3,33.0,14.9,80.9,99.5,87.8,95.7,92.5,,33.1,75.0,25.0,5.4,32.2,,62.0,3.7,77.5,55.2,34.1,81.2,,,,30.9,22.2,8.9,29.8,28.4,27.1,20.9,14.5,64.2,53.1,53.2,16.6,,,,,,,,,,,,,
63,Telangana,NFHS-4,Total,37588071,62.2,25.0,1007,874.0,82.9,98.2,77.6,50.2,66.8,95.8,66.4,65.2,83.4,43.3,25.7,23.9,1.8,10.6,28.0,32.0,57.2,56.9,54.2,1.6,0.3,0.3,0.5,7.3,3.8,9.7,24.7,83.1,75.0,89.1,52.8,42.2,89.2,81.8,12.2,4020.0,9.0,25.3,91.5,31.0,2.9,91.4,58.0,74.9,40.6,68.1,97.4,75.4,87.9,90.6,70.6,76.3,83.7,16.1,8.4,56.8,31.6,74.0,2.1,76.2,37.1,67.3,57.1,9.6,11.4,9.9,28.1,18.0,4.8,28.5,23.1,21.4,28.1,24.2,60.7,56.9,56.7,15.4,6.8,3.9,6.0,4.1,7.4,1.7,1.0,12.2,3.3,2.7,32.3,9.5,10.5
64,Telangana,NFHS-4,Rural,37588071,50.4,25.1,1035,865.0,76.5,97.2,75.6,38.9,48.2,93.0,76.7,52.4,76.5,30.5,35.0,32.3,1.9,13.8,35.0,38.0,55.8,55.8,53.6,1.7,0.1,0.1,0.2,6.0,3.4,9.7,22.8,79.2,72.7,88.5,47.5,37.3,92.2,79.1,14.0,4079.0,7.4,28.9,87.3,34.4,4.0,88.4,53.4,75.1,39.5,68.3,97.2,76.3,86.3,89.4,71.4,77.2,95.6,4.0,8.6,52.5,32.7,69.4,2.0,72.1,35.6,66.8,56.4,5.4,13.7,6.3,33.3,20.4,5.6,33.1,29.0,24.6,18.5,17.9,67.5,58.2,58.1,19.8,5.6,2.8,5.4,3.3,6.8,1.6,1.1,10.6,3.0,2.2,33.7,8.1,8.6
65,Telangana,NFHS-4,Urban,37588071,76.6,24.9,976,884.0,89.9,99.5,80.1,64.4,90.1,99.2,53.5,79.3,90.8,57.3,15.7,14.5,1.7,6.5,20.0,25.0,58.8,58.3,54.9,1.4,0.6,0.5,0.8,8.8,4.3,9.7,26.8,87.4,77.6,89.6,58.8,47.7,85.4,84.8,10.2,3938.0,,21.3,96.3,27.1,1.7,94.8,63.2,74.8,42.2,67.8,97.6,74.4,89.5,91.8,69.7,75.3,72.0,28.0,8.1,61.8,30.2,79.5,2.2,82.0,38.8,68.0,57.9,14.8,9.7,13.9,20.9,14.6,3.7,22.2,16.1,17.6,39.5,31.9,51.6,55.4,55.0,10.2,8.2,5.1,6.8,5.1,8.1,1.8,1.0,14.0,3.6,3.4,30.7,11.1,12.5
66,Uttar Pradesh,NFHS-4,Total,134512198,63.0,33.8,995,903.0,60.2,70.9,96.4,35.0,32.7,93.7,6.1,61.0,82.4,32.9,21.2,28.6,2.7,3.8,64.0,78.0,45.5,31.7,17.3,0.1,1.2,1.9,10.8,18.1,6.8,12.8,47.5,45.9,26.4,86.6,12.9,5.9,79.8,54.0,48.7,1956.0,0.8,24.4,67.8,44.5,4.1,70.4,9.4,31.3,4.7,51.1,87.6,68.3,66.5,70.8,52.8,39.5,84.5,5.1,15.0,37.9,12.6,66.7,4.7,71.3,25.2,41.6,32.6,5.3,5.3,5.3,46.3,17.9,6.0,39.5,25.3,25.9,16.5,12.5,63.2,52.5,52.4,23.7,5.0,2.2,7.1,3.1,5.9,1.1,0.6,8.2,1.4,0.5,13.0,4.3,7.4
67,Uttar Pradesh,NFHS-4,Rural,134512198,59.6,35.4,1014,905.0,58.1,62.3,97.8,23.2,16.4,92.4,5.4,56.2,81.1,27.4,24.9,34.0,3.0,4.4,67.0,82.0,42.1,29.0,18.1,0.1,0.9,1.7,7.9,19.6,7.5,12.6,45.5,41.7,21.7,86.0,10.9,3.8,81.9,51.6,55.4,1879.0,0.7,22.1,66.8,48.2,3.8,69.0,6.9,28.1,3.5,50.4,87.4,67.8,65.9,70.8,52.0,40.4,86.4,2.5,15.2,35.6,11.8,65.2,4.9,69.7,26.2,43.1,30.9,5.1,4.3,5.0,48.5,17.9,5.8,41.0,28.1,29.1,12.6,9.0,62.7,52.4,52.4,25.0,4.7,1.9,6.8,2.9,5.8,1.0,0.6,7.5,1.2,0.4,12.6,4.3,6.9
68,Uttar Pradesh,NFHS-4,Urban,134512198,73.4,29.1,941,896.0,67.9,94.9,92.6,68.4,78.5,97.3,7.9,74.6,85.4,48.2,11.3,16.8,2.1,2.0,52.0,62.0,55.6,39.8,15.0,0.1,2.0,2.6,19.5,13.4,4.8,13.7,54.5,61.1,43.3,88.5,20.2,13.5,72.3,62.9,26.3,2419.0,1.1,32.6,71.7,30.3,5.0,75.8,18.9,37.0,11.7,53.6,88.3,69.8,68.8,70.8,56.0,36.4,77.5,14.5,14.2,47.4,15.8,72.7,3.7,77.6,21.5,35.6,39.2,6.2,7.6,6.5,37.9,18.0,6.6,33.7,17.6,18.6,27.1,20.6,65.0,52.8,52.7,20.6,5.7,3.0,7.7,3.4,6.4,1.3,0.7,10.0,1.9,0.6,14.2,4.4,8.7
69,Uttar Pradesh,NFHS-3,Total,134512198,50.2,42.3,987,922.0,7.1,42.8,93.7,20.6,17.3,76.7,1.2,44.9,76.2,18.3,58.6,51.4,3.8,14.3,73.0,96.0,43.6,29.3,17.3,0.2,1.4,1.7,8.6,23.1,9.0,8.3,31.7,25.7,11.1,64.5,6.0,2.7,,12.3,,,0.1,,20.6,6.6,6.8,27.2,4.4,26.0,11.1,23.0,61.0,87.6,30.0,37.7,,5.6,80.5,5.4,8.1,12.5,,62.2,7.1,72.7,7.2,51.3,41.2,,,,56.8,14.8,5.1,42.4,36.0,38.3,9.2,7.3,73.9,49.7,49.9,24.3,,,,,,,,,,,,,
70,West Bengal,NFHS-4,Total,78587754,74.0,25.4,1011,960.0,96.9,93.7,94.6,50.9,27.9,94.7,33.4,71.0,81.1,26.5,40.7,24.0,1.8,18.3,27.0,32.0,70.9,57.0,29.3,0.1,1.2,20.0,5.9,7.5,3.0,12.3,49.8,54.9,76.5,95.4,28.1,21.8,97.4,61.1,28.7,7782.0,4.6,26.7,75.2,56.6,6.8,81.7,23.8,70.9,18.8,84.4,97.5,87.9,92.7,92.8,86.4,68.4,96.6,3.2,5.9,64.7,20.8,74.7,3.3,73.5,47.5,52.3,52.0,19.1,25.7,19.6,32.5,20.3,6.5,31.5,21.3,19.9,19.9,14.2,54.2,62.8,62.5,30.3,7.4,3.5,11.4,5.9,7.8,1.8,0.7,9.9,1.7,0.8,4.1,2.2,3.3
71,West Bengal,NFHS-4,Rural,78587754,70.4,26.8,1020,984.0,96.7,92.0,95.1,45.5,11.3,93.0,36.1,66.9,79.7,20.1,46.3,26.5,1.9,20.6,32.0,38.0,71.8,58.7,32.1,0.1,0.9,21.4,3.8,7.1,3.2,13.8,50.1,53.3,75.8,95.6,26.6,20.4,98.1,58.1,34.0,7400.0,4.7,26.9,71.9,57.0,7.6,79.0,18.9,68.1,15.3,87.1,98.5,90.1,94.7,94.5,88.7,69.6,99.0,0.8,5.9,62.8,19.0,71.6,3.7,72.0,47.2,49.6,54.3,19.5,17.6,19.5,34.0,21.6,6.7,33.6,24.6,20.3,15.0,11.2,53.7,64.8,64.4,31.9,6.8,3.2,10.6,5.3,7.2,1.7,0.7,8.8,1.4,0.7,3.9,2.0,2.7
72,West Bengal,NFHS-4,Urban,78587754,81.5,22.6,991,902.0,97.3,97.2,93.5,62.0,61.8,98.1,28.1,79.4,83.9,40.0,27.7,19.7,1.6,12.4,16.0,16.0,69.0,53.0,22.7,0.0,1.9,16.9,10.9,8.4,2.7,9.7,49.0,58.9,78.1,95.0,31.6,25.2,95.7,68.6,17.3,8783.0,4.3,26.2,83.7,55.5,4.9,88.5,36.6,74.7,28.1,77.7,95.1,82.5,87.8,88.4,80.7,65.7,90.4,9.6,5.8,69.7,25.6,82.7,2.3,78.2,48.2,61.1,46.4,18.0,33.0,19.8,28.5,16.7,6.0,26.2,14.0,19.0,30.6,20.7,55.6,58.4,58.2,26.9,8.7,4.2,12.9,7.2,9.1,2.1,0.8,12.2,2.3,1.0,4.6,2.6,4.5
73,West Bengal,NFHS-3,Total,78587754,64.0,31.9,1016,976.0,75.8,52.5,93.7,34.7,16.8,93.3,6.0,58.8,73.9,15.7,53.3,32.4,2.3,25.3,48.0,59.0,71.2,49.9,32.2,0.8,0.6,11.7,4.3,9.5,4.3,6.3,31.7,38.6,39.0,90.9,14.3,9.7,,36.1,,,0.5,,42.0,31.8,5.8,47.6,10.2,47.6,16.6,64.3,90.1,80.8,71.5,74.7,,31.7,92.5,7.2,6.5,42.3,,66.5,13.0,69.7,23.7,58.6,47.1,,,,44.6,16.9,4.5,38.7,39.1,35.2,11.4,5.5,61.0,63.2,63.2,32.3,,,,,,,,,,,,,
74,Arunachal Pradesh,NFHS-4,Total,5151193,67.1,31.7,958,920.0,62.9,88.7,87.5,61.3,45.0,99.3,58.3,65.6,84.5,31.0,23.5,22.6,2.1,10.5,23.0,33.0,31.7,26.6,11.2,0.0,3.4,10.2,1.4,21.6,12.7,12.3,51.2,37.0,26.8,64.1,8.3,3.6,89.2,28.9,20.5,6474.0,0.6,8.1,52.3,42.7,2.1,53.8,8.9,37.5,12.5,38.2,70.9,53.7,52.3,54.6,40.9,39.4,93.9,5.5,6.5,66.1,35.8,44.9,2.1,37.5,58.7,56.5,53.6,12.3,25.4,13.9,29.4,17.3,8.0,19.5,8.5,8.3,18.8,20.6,50.7,40.6,40.3,16.9,4.8,1.8,7.6,3.3,10.4,2.8,1.8,15.5,3.9,2.2,8.5,5.9,17.5
75,Arunachal Pradesh,NFHS-4,Rural,5151193,62.5,32.4,953,941.0,58.3,85.0,85.0,57.1,30.0,99.3,59.7,60.1,81.9,23.7,25.5,25.5,2.3,10.8,24.0,35.0,33.3,27.6,12.1,0.1,3.4,10.5,1.2,20.4,11.7,12.8,51.2,36.3,23.6,60.8,7.5,3.5,90.5,26.2,24.5,5028.0,0.6,8.7,44.2,38.0,2.2,45.7,5.8,32.8,10.0,36.4,68.0,51.0,49.9,51.9,38.1,36.8,95.1,4.5,6.3,62.8,32.7,41.1,2.4,33.9,60.3,58.1,53.7,13.3,25.5,14.8,30.7,18.8,8.9,20.9,8.5,8.1,16.3,18.4,51.0,40.6,40.3,17.4,4.8,1.7,8.1,3.5,10.7,2.7,1.6,16.6,3.5,2.3,7.9,5.4,14.9
76,Arunachal Pradesh,NFHS-4,Urban,5151193,81.5,29.4,973,848.0,80.0,99.2,94.7,73.3,87.4,99.4,54.3,80.9,91.4,51.1,18.7,15.0,1.7,9.8,19.0,25.0,26.5,23.5,8.3,0.0,3.5,9.3,2.3,25.4,15.9,11.1,51.2,39.2,37.3,74.9,11.1,3.9,85.8,37.8,12.9,9640.0,0.8,6.0,81.5,59.5,1.7,82.8,20.1,42.2,18.2,44.2,80.4,62.8,60.0,63.4,50.1,49.0,90.3,8.7,7.0,76.6,45.8,57.1,1.2,48.7,53.6,51.5,53.4,9.2,25.0,11.1,24.0,11.4,4.1,13.8,8.8,8.8,25.7,26.0,49.7,40.6,40.4,15.4,4.8,2.1,6.2,2.8,9.6,3.0,2.3,12.8,5.0,2.1,10.4,7.2,24.8
77,Arunachal Pradesh,NFHS-3,Total,5151193,54.9,39.1,930,1071.0,32.4,76.9,85.0,39.6,31.5,98.8,7.0,52.7,78.9,15.1,42.0,30.6,3.0,15.4,61.0,88.0,43.2,37.3,22.5,0.1,3.4,8.1,2.8,21.2,8.4,12.9,50.5,24.2,22.4,40.1,7.3,4.9,,21.4,,,0.0,,28.5,19.5,1.6,30.2,2.9,9.9,10.5,28.4,57.7,55.8,39.3,38.3,,15.8,95.4,3.2,14.9,31.7,,35.5,6.8,39.3,55.0,60.0,80.2,,,,43.3,15.3,6.1,32.5,16.4,15.2,8.8,7.1,56.9,50.6,50.5,27.7,,,,,,,,,,,,,
78,Delhi,NFHS-4,Total,36342827,81.7,24.6,849,817.0,86.8,99.8,85.7,74.0,97.7,98.4,16.4,81.8,89.3,55.4,13.0,21.0,1.7,2.3,35.0,47.0,53.0,47.3,19.4,0.2,5.4,3.2,19.0,15.8,4.9,12.1,43.5,63.3,68.6,89.9,49.9,37.3,87.5,62.6,7.9,8719.0,2.7,19.6,84.4,56.9,3.9,86.9,23.7,42.9,21.0,66.4,94.7,77.4,83.7,90.5,59.8,54.2,92.3,7.4,10.6,61.9,25.5,80.9,2.6,81.7,29.1,49.8,45.0,4.8,9.5,5.8,32.3,17.1,5.0,27.0,12.8,17.7,34.9,24.6,62.6,52.8,52.5,21.6,7.6,4.0,10.0,4.3,5.9,1.0,0.7,3.7,0.4,0.1,26.8,10.2,14.7
79,Delhi,NFHS-4,Rural,36342827,78.5,21.8,839,,89.5,100.0,69.7,87.7,80.8,99.5,15.6,85.1,,60.0,,,2.3,,,,56.6,51.0,22.3,2.5,6.8,5.4,13.9,20.1,5.3,5.4,,,,,,,,,,,,,85.4,80.6,13.3,98.7,25.0,,,,,,,,,74.6,,,8.6,,,,0.6,,,,,,,,25.1,0.6,0.0,1.3,14.4,,29.2,,,78.0,78.0,,2.3,2.3,,,0.2,0.0,0.0,,,,25.5,14.0,27.5
80,Delhi,NFHS-4,Urban,36342827,81.7,24.6,849,811.0,86.8,99.8,85.8,73.9,97.9,98.4,16.4,81.8,89.2,55.4,13.1,21.0,1.7,2.2,35.0,47.0,52.9,47.2,19.3,0.2,5.3,3.2,19.0,15.8,4.9,12.1,43.3,63.2,68.8,90.0,50.0,37.4,87.4,62.4,8.0,8770.0,2.7,19.6,84.4,56.7,3.9,86.8,23.7,42.9,20.9,66.2,94.6,77.4,83.7,90.3,60.1,53.9,92.2,7.5,10.6,62.2,25.7,81.4,2.7,81.5,29.3,49.8,45.0,4.6,9.7,5.6,32.4,17.2,5.0,27.3,12.8,17.9,34.9,24.1,62.3,52.6,52.3,21.4,7.7,4.0,9.8,4.0,5.9,1.0,0.7,3.8,0.4,0.1,26.8,10.2,14.6
81,Delhi,NFHS-3,Total,36342827,77.1,28.7,814,840.0,62.4,99.3,90.5,62.6,79.6,91.9,13.9,77.3,90.2,53.2,22.7,19.4,2.1,5.0,40.0,47.0,66.9,56.5,23.0,0.8,5.0,4.5,22.9,10.0,3.1,17.9,62.2,63.8,64.3,90.3,27.5,24.3,,50.1,,,0.0,,59.0,30.2,5.4,64.1,13.7,28.8,18.0,63.2,87.0,79.1,71.7,78.2,,12.6,76.6,22.1,8.3,29.9,,75.5,6.4,92.3,19.3,34.5,58.7,,,,42.2,15.4,7.0,26.1,14.8,15.7,26.4,16.8,57.0,45.0,44.3,17.8,,,,,,,,,,,,,
82,Goa,NFHS-4,Total,5742107,85.0,23.2,1018,966.0,98.9,99.8,96.3,78.3,84.1,95.7,15.9,89.0,94.7,58.2,9.8,10.6,1.7,2.9,13.0,13.0,26.3,24.8,16.3,0.0,0.9,0.3,7.1,17.5,8.3,44.2,76.0,84.4,89.0,96.2,67.4,63.4,96.3,92.1,7.4,4836.0,,49.5,96.9,58.2,1.8,97.5,31.4,51.3,19.9,88.4,100.0,92.9,94.2,96.5,85.2,89.5,77.2,22.8,3.8,,,,1.4,89.0,73.3,60.9,,9.1,15.1,10.4,20.1,21.9,9.5,23.8,14.7,10.8,33.5,32.6,48.3,31.4,31.3,11.0,8.9,5.2,12.3,7.3,6.3,1.5,0.7,10.5,2.7,0.0,49.9,45.1,51.8
83,Goa,NFHS-4,Rural,5742107,81.6,20.0,1054,1109.0,99.0,99.9,93.7,80.8,72.0,92.5,11.4,90.8,96.6,57.7,2.7,0.0,1.6,1.8,,,13.5,12.0,6.3,0.0,0.9,0.3,4.4,18.7,8.8,36.8,,83.9,86.2,93.9,69.5,61.6,91.0,90.5,8.4,5941.0,,48.1,98.8,59.9,0.0,97.6,27.7,37.7,21.8,90.1,100.0,91.4,94.7,98.2,75.9,91.7,86.4,13.6,5.2,,,,2.4,88.7,74.7,,,8.6,,8.2,23.2,11.5,2.1,21.2,22.2,14.7,28.5,28.2,41.2,32.1,32.0,8.7,9.8,5.8,11.9,6.3,5.6,1.7,0.6,14.0,2.6,0.1,47.6,45.9,52.3
84,Goa,NFHS-4,Urban,5742107,87.1,25.0,996,894.0,98.9,99.8,97.8,76.8,91.0,97.6,18.5,88.0,93.5,58.5,14.8,17.3,1.7,3.6,,,33.2,31.6,21.6,0.0,0.9,0.4,8.5,16.9,8.0,49.6,76.6,84.7,90.6,97.6,66.3,64.4,99.5,93.0,6.8,4159.0,,50.3,95.8,57.3,2.8,97.5,33.5,58.9,18.8,87.7,100.0,93.7,94.0,95.6,89.7,88.3,72.7,27.3,3.0,,,,0.9,89.1,72.5,,,9.3,,11.5,18.3,27.7,13.7,25.3,10.3,8.4,36.3,35.3,52.2,30.9,30.8,12.3,8.4,4.9,12.6,7.9,6.7,1.4,0.8,8.4,2.8,0.0,51.3,44.6,51.6
85,Goa,NFHS-3,Total,5742107,78.0,23.9,1028,921.0,94.7,96.4,79.9,60.9,61.3,77.3,11.1,83.6,90.3,48.9,11.7,7.2,1.8,3.6,15.0,20.0,48.2,37.2,25.8,0.1,2.3,1.5,7.5,15.2,7.5,19.4,38.4,85.7,92.4,86.8,59.6,57.4,,75.3,,,0.0,,92.3,43.2,1.9,94.0,25.7,36.7,17.9,78.6,96.8,87.2,87.5,91.2,,31.0,83.2,15.5,6.8,50.6,,72.1,3.6,83.2,59.7,17.7,66.8,,,,25.6,14.1,5.6,25.0,27.9,24.7,20.2,15.5,38.2,37.9,38.0,10.4,,,,,,,,,,,,,
86,Himachal Pradesh,NFHS-4,Total,14173936,79.0,24.6,1078,936.0,95.3,99.5,94.9,70.7,36.7,99.1,25.8,88.2,96.2,59.4,8.6,7.3,1.9,2.6,34.0,38.0,57.0,52.1,34.5,2.4,0.9,1.5,12.7,15.7,4.8,15.8,40.1,70.5,69.1,86.3,49.4,36.9,95.4,70.2,13.1,3329.0,1.5,29.0,76.4,61.6,3.4,78.9,16.7,44.4,16.4,69.5,94.8,82.4,85.0,87.5,74.1,64.3,97.9,1.9,6.6,62.7,15.0,67.7,1.6,78.4,41.1,67.2,52.7,11.2,9.9,10.9,26.3,13.7,3.9,21.2,16.2,18.0,28.6,22.0,53.7,53.6,53.4,20.1,5.9,3.0,6.8,2.6,9.4,1.8,0.9,17.0,3.8,1.1,23.7,9.6,26.6
87,Himachal Pradesh,NFHS-4,Rural,14173936,77.9,25.0,1097,920.0,95.1,99.5,94.9,69.6,30.0,99.1,26.3,87.8,96.4,57.9,8.8,8.2,1.9,2.8,35.0,39.0,56.9,52.3,35.2,2.6,0.8,1.5,12.2,15.5,4.8,16.0,40.1,69.7,67.3,86.6,49.0,35.8,95.2,69.0,13.2,3263.0,1.6,28.4,75.3,61.0,3.6,77.9,15.6,43.3,15.5,69.9,95.3,83.6,85.8,87.4,73.9,65.4,98.1,1.7,6.3,64.2,16.5,66.7,1.7,78.2,40.8,67.5,52.8,10.5,10.3,10.5,26.7,13.3,3.8,21.6,16.7,17.9,27.6,21.0,53.3,53.5,53.4,20.2,5.7,2.9,6.8,2.6,9.3,1.7,0.9,17.3,4.2,1.0,23.3,9.5,26.0
88,Himachal Pradesh,NFHS-4,Urban,14173936,89.8,20.8,914,1151.0,97.7,99.4,94.4,79.1,88.9,99.3,21.5,92.6,95.0,73.7,7.2,3.7,1.4,0.5,,,57.6,50.3,27.7,1.1,1.7,1.7,17.9,18.2,5.4,13.8,,80.2,90.2,83.1,54.0,49.2,97.0,83.8,12.0,3989.0,,35.9,90.6,69.3,0.4,90.6,29.6,53.4,26.3,64.8,88.1,67.3,74.8,89.2,76.3,51.0,94.7,5.3,10.5,,,,0.8,,44.3,,,21.3,,16.2,21.4,19.2,6.0,17.1,11.7,18.5,38.4,26.9,58.7,54.4,54.2,19.6,7.9,4.0,7.0,2.8,10.4,2.2,0.9,15.2,2.2,1.3,27.4,11.4,32.8
89,Himachal Pradesh,NFHS-3,Total,14173936,73.1,29.3,1070,913.0,89.0,98.4,88.4,37.2,28.6,94.1,5.5,79.5,94.0,44.7,12.3,15.5,1.9,3.1,36.0,42.0,72.6,71.0,49.0,6.4,1.4,2.7,11.5,7.7,2.3,6.0,51.5,56.8,44.0,72.1,25.2,15.8,,35.7,,,0.0,,43.1,37.0,5.4,47.9,12.6,47.6,26.2,74.2,97.2,88.6,85.1,86.3,,26.7,96.3,2.2,7.7,56.3,,68.9,1.4,78.5,43.4,27.2,61.9,,,,38.6,19.3,5.5,36.5,29.9,29.7,13.5,10.6,54.4,43.2,43.0,18.5,,,,,,,,,,,,,
90,Jammu & Kashmir,NFHS-4,Total,19226966,65.6,27.4,972,922.0,77.4,97.4,89.2,52.5,57.6,95.5,4.2,69.0,87.0,37.2,8.7,10.5,2.0,2.9,32.0,38.0,57.3,46.1,24.4,0.4,2.8,6.2,11.3,12.3,5.8,9.6,38.2,76.8,81.4,87.5,30.2,26.8,88.8,74.9,54.0,4192.0,0.9,20.3,85.7,78.1,2.2,87.6,33.1,75.5,35.1,75.1,95.6,83.8,88.1,86.2,70.3,64.7,97.5,2.1,7.5,69.1,39.1,74.2,5.4,78.5,46.0,65.4,50.0,21.8,32.1,23.5,27.4,12.1,5.6,16.6,12.1,11.5,29.1,20.5,43.3,40.4,40.3,15.1,5.6,2.4,6.3,2.8,8.9,1.8,0.9,10.9,1.7,1.1,34.5,13.6,38.9
91,Jammu & Kashmir,NFHS-4,Rural,19226966,63.0,29.1,978,928.0,73.3,96.3,85.0,45.9,41.6,93.5,3.4,65.4,86.5,32.0,10.3,12.0,2.2,3.6,31.0,36.0,54.1,42.1,21.9,0.3,2.4,6.5,9.9,13.8,6.4,9.3,37.6,74.1,78.8,86.2,29.5,26.0,88.8,71.0,55.7,4104.0,1.0,18.3,82.0,77.1,2.7,84.4,26.9,63.8,30.8,72.9,94.7,83.1,86.7,84.2,68.7,63.6,98.8,0.8,8.3,69.3,41.4,73.9,6.2,77.1,46.6,64.7,48.9,21.5,32.4,23.3,28.8,11.0,4.8,16.5,14.1,13.6,24.1,15.8,44.1,39.0,39.1,15.4,4.5,1.8,4.5,1.8,8.0,1.9,1.0,10.0,1.8,0.9,32.7,13.7,34.9
92,Jammu & Kashmir,NFHS-4,Urban,19226966,71.8,23.4,958,902.0,90.5,99.7,97.9,66.2,91.2,99.5,5.9,77.5,88.1,49.6,4.2,7.5,1.6,0.8,37.0,41.0,65.0,56.0,30.4,0.5,3.9,5.5,14.6,8.8,4.2,10.3,39.6,84.8,89.2,91.2,32.4,29.4,89.1,86.7,49.8,4436.0,0.0,26.3,97.3,81.4,0.8,97.7,53.1,86.9,48.2,81.6,98.5,85.9,92.4,92.1,74.9,68.1,93.9,6.1,4.8,68.4,26.5,75.4,3.0,85.7,44.2,67.9,53.5,22.6,31.4,24.0,23.0,16.1,8.1,17.0,7.7,7.5,40.6,30.1,40.6,43.4,43.1,14.6,8.3,3.7,10.0,4.9,11.1,1.7,0.6,12.6,1.5,1.4,38.9,13.5,48.2
93,Jammu & Kashmir,NFHS-3,Total,19226966,57.5,32.0,976,902.0,35.8,93.2,80.8,24.5,38.4,90.5,4.9,53.9,78.1,26.5,14.4,15.3,2.4,4.2,45.0,51.0,52.6,44.9,26.3,2.6,2.7,4.7,8.0,15.9,5.7,1.7,21.3,54.8,60.4,81.0,16.3,12.7,,44.5,,,0.2,,50.2,41.1,6.5,56.5,13.5,35.8,24.9,66.7,90.9,82.2,84.5,78.3,,12.6,91.5,7.3,10.1,40.6,,67.0,7.6,75.2,31.9,42.3,52.7,,,,35.0,14.8,4.4,25.6,24.6,28.0,16.7,6.2,58.5,51.9,52.0,19.4,,,,,,,,,,,,,
94,Manipur,NFHS-4,Total,4856580,81.7,29.9,1049,962.0,64.8,92.4,41.6,49.9,42.1,99.5,3.6,85.0,96.0,45.9,13.1,20.6,2.6,7.4,22.0,26.0,23.6,12.7,3.1,0.1,3.7,4.2,1.3,30.1,12.7,8.7,46.9,77.0,69.0,88.8,39.2,33.9,32.8,64.6,26.2,10076.0,0.4,10.7,69.1,45.7,8.0,77.2,21.1,46.2,22.6,65.9,91.2,76.6,77.8,74.2,69.9,32.1,92.9,6.1,5.8,60.2,14.1,31.2,1.7,39.1,65.4,73.6,78.8,19.3,14.1,18.8,28.9,6.8,2.2,13.8,8.8,11.1,26.0,19.8,23.9,26.4,26.4,9.6,7.6,3.0,9.3,4.3,8.5,1.9,1.0,16.0,3.1,1.3,17.2,4.3,15.0
95,Manipur,NFHS-4,Rural,4856580,79.0,31.4,1030,962.0,59.7,90.1,38.0,51.3,28.0,99.4,3.7,81.7,95.2,38.4,14.3,22.6,2.9,8.2,25.0,30.0,22.7,12.6,2.8,0.0,4.0,4.3,1.2,30.2,13.3,8.8,43.4,72.6,62.0,87.1,32.7,27.8,34.2,57.4,30.0,9609.0,0.4,8.5,60.5,40.9,9.1,69.5,15.2,40.9,17.6,61.7,89.1,72.7,74.3,70.4,65.8,28.4,92.9,5.6,5.5,60.1,13.4,28.0,1.7,35.6,66.1,71.3,78.8,18.4,7.5,17.3,31.4,7.1,2.4,14.2,9.0,10.9,22.4,18.5,23.3,26.5,26.4,9.9,6.8,2.6,9.4,4.5,7.9,1.8,0.8,14.1,2.3,1.7,17.1,3.3,13.1
96,Manipur,NFHS-4,Urban,4856580,85.8,27.5,1081,962.0,74.8,95.9,47.1,47.8,63.3,99.7,3.5,89.9,97.4,57.0,11.0,17.3,2.1,6.1,16.0,18.0,25.0,12.9,3.6,0.2,3.3,4.1,1.6,29.8,11.8,8.7,53.0,84.9,81.7,92.0,51.0,45.1,30.4,77.7,21.2,10743.0,0.0,14.9,86.3,55.3,5.9,92.4,33.0,52.9,30.0,74.3,95.5,84.7,84.9,81.8,78.1,39.1,92.8,7.0,6.2,60.4,15.2,37.0,1.8,45.6,64.2,78.9,78.6,21.2,34.1,22.1,24.1,6.4,1.8,13.1,8.5,11.5,31.2,21.8,24.9,26.4,26.5,9.0,8.8,3.7,9.1,4.0,9.3,2.1,1.2,18.9,4.4,0.7,17.4,5.7,17.9
97,Manipur,NFHS-3,Total,4856580,70.0,33.3,1070,1014.0,30.4,87.0,52.1,30.2,34.9,98.8,6.7,72.6,91.5,33.8,12.7,16.0,2.8,7.3,30.0,42.0,48.7,23.6,8.2,0.5,5.3,5.3,4.1,15.6,5.0,4.6,46.8,64.5,54.1,79.2,6.8,5.8,,45.5,,,0.5,,45.9,36.1,13.2,59.0,9.0,26.7,17.6,46.8,80.0,77.5,61.2,52.9,,11.2,92.7,3.3,10.0,36.2,,37.8,4.7,43.2,57.2,62.1,77.4,,,,35.6,9.0,2.1,22.2,14.8,16.3,13.3,9.2,41.1,35.7,35.7,11.4,,,,,,,,,,,,,
98,Meghalaya,NFHS-4,Total,6048649,83.0,36.5,1005,1009.0,79.8,91.4,67.9,60.3,21.8,99.1,34.6,82.8,84.0,33.6,16.5,19.6,3.0,8.6,30.0,40.0,24.3,21.9,6.2,0.0,2.1,11.7,1.3,21.2,15.3,24.2,61.8,53.3,50.0,79.3,36.2,23.5,93.6,47.5,28.0,2892.0,1.4,9.0,51.4,39.4,2.6,53.8,7.6,31.4,9.8,61.5,86.0,71.0,74.0,71.9,62.9,54.4,92.4,4.9,10.6,77.5,58.0,70.0,5.8,74.9,60.6,35.8,67.4,24.2,19.8,23.6,43.8,15.3,6.5,29.0,12.1,11.6,12.2,10.1,48.0,56.5,56.2,32.4,4.3,1.8,6.4,2.9,7.2,1.9,0.8,7.9,1.5,1.0,19.8,12.4,16.5
99,Meghalaya,NFHS-4,Rural,6048649,80.2,38.7,991,1030.0,78.4,89.2,62.9,58.1,9.3,99.3,37.9,79.6,80.8,25.8,19.3,22.4,3.5,10.1,32.0,43.0,22.4,20.6,4.8,0.0,1.8,12.5,0.9,21.2,15.6,26.5,61.2,50.7,46.3,77.6,33.2,20.9,94.6,42.6,28.6,2987.0,1.3,8.1,45.7,37.3,2.7,48.1,5.6,29.3,8.5,58.5,84.4,69.0,71.8,69.7,60.3,52.9,94.3,2.5,10.9,77.4,58.4,69.3,6.0,72.7,61.4,36.0,66.2,24.1,16.9,23.1,45.0,15.5,6.5,29.9,12.3,11.1,10.2,8.1,48.9,60.0,59.6,36.0,4.0,1.6,6.0,2.3,7.4,1.9,0.8,6.4,1.4,1.0,18.7,11.4,12.7
100,Meghalaya,NFHS-4,Urban,6048649,93.2,27.9,1067,891.0,89.2,99.0,85.2,67.9,65.7,98.7,23.2,93.4,95.7,59.4,7.8,8.5,1.7,3.4,15.0,20.0,32.8,27.6,12.4,0.0,3.7,7.8,3.1,21.2,13.9,16.6,64.7,68.3,71.3,89.2,53.8,38.4,88.4,76.4,26.2,2475.0,3.2,14.5,88.1,53.1,2.2,90.8,20.5,34.5,16.0,81.4,96.2,84.2,88.1,86.6,79.9,63.7,81.1,18.9,8.6,77.6,54.5,76.0,4.8,87.3,55.8,34.7,75.7,24.9,31.8,26.6,36.5,13.7,6.5,22.9,11.4,13.6,18.4,17.1,42.6,45.2,45.2,19.0,5.1,2.5,7.9,5.0,6.5,1.9,0.8,13.4,1.6,0.9,23.2,15.9,29.1
101,Meghalaya,NFHS-3,Total,6048649,66.2,40.4,1005,907.0,43.3,70.4,63.1,37.6,21.1,97.1,0.7,69.5,72.7,22.9,24.5,33.3,3.8,8.3,44.0,70.0,24.3,18.5,9.5,0.1,1.5,5.0,2.4,35.8,23.2,7.2,44.7,32.6,42.8,51.8,5.9,4.2,,27.3,,,0.5,,29.0,19.7,2.4,31.1,4.1,26.7,8.3,32.9,65.9,56.6,47.3,43.8,,14.9,87.0,8.9,5.7,65.1,,72.2,1.9,54.8,58.6,26.3,77.5,,,,55.1,30.7,19.9,48.8,14.6,14.1,5.3,5.9,63.8,45.4,46.2,36.5,,,,,,,,,,,,,
102,Mizoram,NFHS-4,Total,3784181,91.2,29.9,1013,946.0,97.9,95.9,91.5,83.5,66.6,99.0,45.4,93.5,98.2,40.2,10.8,14.2,2.3,7.2,40.0,46.0,35.3,35.3,17.5,0.0,3.3,13.2,1.3,19.9,12.4,14.0,52.7,65.7,61.7,82.7,53.8,38.5,96.7,64.7,47.5,4327.0,2.4,11.1,80.1,63.8,3.8,83.8,12.7,30.0,12.3,50.5,75.3,61.7,61.7,61.1,56.8,68.6,92.2,7.2,7.6,69.9,29.3,42.0,2.2,50.4,70.2,60.6,67.9,14.7,13.6,14.6,28.0,6.1,2.3,11.9,8.3,7.2,21.1,21.0,17.7,22.4,22.5,9.6,8.6,3.9,10.3,4.4,7.4,1.8,0.6,12.8,4.5,0.6,20.9,7.5,23.0
103,Mizoram,NFHS-4,Rural,3784181,84.3,33.5,973,970.0,98.0,90.5,87.8,73.1,29.9,98.6,49.9,85.4,96.3,21.4,17.0,21.6,2.7,8.9,50.0,58.0,31.5,31.5,15.1,0.0,2.6,12.7,1.0,20.9,13.7,16.4,49.2,52.1,42.5,75.7,47.2,27.0,95.1,49.8,52.5,3281.0,2.4,8.7,61.0,56.6,7.2,68.2,5.7,20.2,8.6,51.3,71.4,59.1,60.4,61.9,55.5,61.1,98.3,0.6,7.6,62.8,26.5,36.9,1.2,29.7,73.8,61.7,66.4,13.8,8.3,13.2,33.8,7.8,3.4,15.7,9.6,9.2,12.3,9.9,22.3,27.4,27.3,10.9,7.3,2.9,9.6,3.5,6.4,1.5,0.8,10.5,2.6,0.6,15.4,4.8,12.3
104,Mizoram,NFHS-4,Urban,3784181,95.9,27.2,1043,926.0,97.8,99.7,94.1,90.9,92.8,99.3,42.3,98.6,99.3,52.0,7.1,10.1,2.0,6.2,31.0,35.0,38.5,38.4,19.4,0.0,3.9,13.6,1.5,19.1,11.3,12.4,55.0,77.0,77.5,88.5,59.3,47.9,97.8,77.0,44.9,5019.0,2.9,13.2,97.2,70.2,0.8,97.9,19.0,31.4,15.1,49.8,79.2,64.2,63.0,60.4,58.0,75.2,86.8,13.1,7.6,76.3,31.7,46.7,3.0,62.8,67.0,59.8,69.6,15.6,18.4,16.0,22.7,4.5,1.2,8.5,7.5,6.0,26.8,28.1,13.2,19.2,19.3,8.8,9.4,4.6,10.7,5.0,8.1,2.0,0.5,14.3,5.7,0.6,24.4,9.2,29.7
105,Mizoram,NFHS-3,Total,3784181,89.5,35.0,1004,1025.0,93.3,92.4,85.0,75.5,64.5,98.8,2.2,94.0,93.2,27.5,20.6,20.8,2.9,10.1,34.0,53.0,59.9,59.6,42.9,0.0,4.7,10.6,1.4,18.1,12.3,11.0,36.5,42.9,45.6,51.4,17.8,11.8,,49.6,,,0.0,,59.8,51.6,5.8,65.4,6.2,19.5,8.9,46.5,86.4,63.5,66.8,69.5,,40.2,93.7,5.7,11.0,48.3,,27.4,4.1,50.2,65.5,46.1,81.4,,,,39.8,9.0,3.6,19.9,14.4,9.2,10.6,11.4,43.8,37.6,38.1,19.4,,,,,,,,,,,,,
106,Nagaland,NFHS-4,Total,4649643,81.0,32.0,968,956.0,68.3,97.0,80.6,75.2,32.8,99.5,6.1,81.0,85.6,33.3,13.3,7.9,2.7,5.7,29.0,37.0,26.7,21.4,9.1,0.0,6.7,4.0,1.3,22.2,11.2,6.4,31.9,24.9,15.0,63.9,4.4,2.4,73.9,22.3,29.7,5835.0,0.1,1.6,32.8,25.1,8.9,41.3,5.8,31.4,13.5,35.7,68.4,52.5,52.0,50.4,45.8,27.1,91.7,7.8,5.0,40.8,16.3,22.0,1.4,31.3,53.2,44.5,70.7,17.5,21.4,18.6,28.6,11.2,4.2,16.8,12.2,11.5,16.2,14.0,21.6,23.7,23.9,10.1,7.2,2.8,9.7,4.7,10.5,3.3,2.2,16.7,5.1,1.3,14.6,2.0,13.5
107,Nagaland,NFHS-4,Rural,4649643,75.6,33.1,946,935.0,63.8,95.6,80.9,79.0,14.4,99.4,7.0,75.1,80.6,21.7,15.8,11.9,3.4,7.9,33.0,42.0,24.2,19.2,8.5,0.0,6.4,3.2,1.0,22.0,11.5,6.1,31.9,19.8,9.2,58.1,3.0,1.3,75.3,16.3,31.8,5401.0,0.0,1.4,24.0,19.5,8.4,32.3,3.4,25.8,11.2,33.4,65.0,50.1,49.7,47.8,43.4,22.9,94.7,4.5,4.9,39.7,15.4,17.1,1.3,26.1,55.0,45.5,71.9,16.9,17.8,17.1,30.9,11.7,4.3,18.0,11.8,10.6,13.2,12.3,23.1,25.3,25.5,10.5,7.3,2.9,8.8,4.0,9.8,3.0,2.1,13.9,3.9,0.8,12.5,1.5,10.2
108,Nagaland,NFHS-4,Urban,4649643,90.2,30.0,1011,1014.0,80.2,99.6,79.9,68.2,67.1,99.6,4.3,89.9,93.2,51.1,9.3,2.0,1.8,2.8,21.0,25.0,31.3,25.5,10.3,0.0,7.3,5.6,2.0,22.5,10.7,6.9,32.0,36.7,28.7,77.5,7.7,4.9,71.4,36.3,27.5,6448.0,0.3,2.1,56.3,40.2,10.0,65.6,12.4,35.7,16.5,41.6,77.2,58.8,58.0,57.0,52.2,37.9,84.6,15.4,5.3,43.5,18.7,33.8,1.6,41.4,48.6,41.1,67.3,19.4,29.0,22.6,22.5,10.1,3.9,13.6,12.9,12.8,20.7,16.6,17.6,21.2,21.4,9.6,7.1,2.7,11.1,5.7,11.4,3.7,2.4,21.0,6.9,2.2,17.7,2.7,18.5
109,Nagaland,NFHS-3,Total,4649643,68.5,39.9,991,984.0,36.9,82.9,62.8,46.5,22.4,97.8,1.6,75.2,83.1,21.5,21.4,18.2,3.7,7.5,38.0,65.0,29.7,22.5,9.9,0.1,5.2,4.7,2.6,28.4,10.0,6.7,23.2,29.2,12.1,50.7,1.2,0.6,,10.2,,,0.0,,11.6,7.3,13.3,24.7,2.0,18.5,15.8,21.0,46.3,46.2,28.7,27.3,,6.6,93.1,6.1,6.4,16.5,,16.5,4.2,24.4,51.4,29.5,69.0,,,,38.8,13.3,5.2,25.2,17.4,14.2,6.4,5.7,,,,,,,,,,,,,,,,,
110,Sikkim,NFHS-4,Total,2606379,79.7,23.1,942,809.0,98.5,99.4,97.6,88.2,59.1,99.6,30.3,86.6,91.5,40.7,14.5,18.5,1.2,2.8,29.0,32.0,46.7,45.9,17.6,3.4,6.3,11.6,5.2,21.7,8.9,19.6,57.1,76.2,74.7,97.2,52.8,39.0,99.1,74.2,29.4,2509.0,0.0,12.8,94.7,82.7,2.4,97.1,20.9,49.3,18.1,83.0,98.9,87.7,93.0,93.3,84.1,84.3,94.1,5.9,1.8,,,,0.3,63.8,66.5,54.6,61.8,23.1,,23.1,29.6,14.2,5.9,14.2,6.4,2.4,26.7,34.8,55.1,35.2,34.9,15.7,6.7,2.9,8.9,3.8,11.7,3.1,1.7,19.6,4.7,3.0,12.8,6.8,32.1
111,Sikkim,NFHS-4,Rural,2606379,77.2,23.5,944,911.0,98.4,99.6,96.8,94.2,42.4,99.5,29.2,85.2,90.0,36.1,13.6,18.1,1.2,3.0,38.0,39.0,51.4,50.9,19.7,4.3,7.1,12.9,5.1,20.3,8.4,21.4,61.4,75.7,74.2,96.6,54.9,40.2,99.4,71.6,38.3,2474.0,0.0,14.4,94.4,85.2,2.4,96.8,17.1,50.1,14.7,83.7,99.2,88.0,95.0,94.8,86.4,86.2,95.1,4.9,2.6,,,,0.2,58.5,68.9,48.6,61.9,25.0,,24.4,32.9,14.7,6.0,15.4,5.8,3.3,23.1,29.7,52.7,35.6,35.1,18.2,6.1,2.6,7.5,1.9,11.1,2.9,1.6,21.1,2.8,1.7,13.3,7.2,29.9
112,Sikkim,NFHS-4,Urban,2606379,85.6,22.2,936,632.0,98.6,99.0,99.3,76.0,93.0,99.8,32.6,89.5,93.3,50.2,16.1,18.8,1.1,2.4,13.0,18.0,36.9,35.6,13.1,1.6,4.5,8.8,5.4,24.5,9.8,16.6,46.5,77.2,75.6,98.5,48.7,36.7,98.4,79.3,11.9,2584.0,,9.5,95.3,77.5,2.5,97.7,28.8,48.3,26.0,81.4,98.2,87.1,88.4,90.0,78.9,80.5,91.9,8.1,0.3,,,,0.4,,61.7,70.7,,19.0,,20.7,22.9,13.2,5.7,12.0,7.5,1.2,34.1,41.5,59.7,34.3,34.3,12.4,7.8,3.5,10.7,6.4,13.1,3.5,1.9,17.7,7.2,4.6,11.8,6.0,36.7
113,Sikkim,NFHS-3,Total,2606379,65.4,30.7,936,984.0,85.7,92.2,77.6,60.7,42.4,97.1,7.0,72.3,83.1,22.5,30.1,31.5,2.0,12.0,34.0,40.0,57.6,48.7,21.2,4.5,3.0,12.8,4.1,20.4,5.8,13.2,56.5,57.9,56.2,81.1,26.3,22.4,,44.9,,,0.0,,47.2,44.5,6.5,53.7,12.3,,25.0,69.6,95.9,85.6,84.3,83.1,,18.0,98.6,0.4,16.5,33.2,,32.2,5.0,49.7,43.3,37.2,85.4,,,,38.3,9.7,3.3,19.7,11.2,12.2,15.4,11.9,58.1,59.4,59.5,24.7,,,,,,,,,,,,,
114,Tripura,NFHS-4,Total,6103279,81.9,24.5,998,966.0,91.6,92.7,87.3,61.3,31.9,99.1,58.1,80.4,89.5,23.4,32.2,22.2,1.7,18.8,27.0,33.0,64.1,42.8,13.9,0.0,0.6,26.3,1.9,10.7,4.1,8.2,39.6,66.4,64.3,93.0,13.4,7.6,83.0,62.1,32.6,4412.0,0.0,8.4,79.9,69.1,1.2,80.9,20.5,73.7,18.1,54.5,82.4,70.1,71.1,69.7,54.4,62.8,97.4,2.0,4.9,46.3,19.1,65.7,2.6,73.0,44.4,70.7,13.6,5.3,,5.9,24.3,16.8,6.3,24.1,18.9,15.7,16.0,15.9,48.3,54.5,54.5,24.7,7.7,4.0,9.6,4.7,9.7,1.8,1.1,11.9,1.5,0.2,5.1,1.3,6.8
115,Tripura,NFHS-4,Rural,6103279,78.7,26.0,978,925.0,89.9,90.0,82.8,59.6,16.0,98.8,69.5,77.0,87.0,16.3,34.8,25.8,1.8,20.7,31.0,36.0,63.0,42.7,12.4,0.0,0.4,28.5,1.2,10.5,4.1,7.6,38.1,62.7,59.9,90.9,12.4,6.8,82.7,58.4,37.3,4248.0,0.0,9.0,75.7,69.2,1.3,76.8,12.2,57.6,12.1,51.2,80.0,67.2,68.9,67.3,48.4,60.7,99.2,0.0,5.3,46.4,19.1,64.0,2.8,70.8,46.6,72.9,18.2,4.9,,5.5,26.8,18.0,6.7,25.0,20.1,17.0,12.8,14.9,49.2,54.0,54.1,27.5,7.0,3.2,9.9,4.4,8.9,1.7,1.3,13.4,1.2,0.2,4.3,1.2,5.7
116,Tripura,NFHS-4,Urban,6103279,89.5,20.8,1051,1100.0,96.8,99.0,97.7,65.1,68.6,99.7,31.7,88.4,95.2,39.8,25.6,9.6,1.4,13.3,12.0,21.0,66.8,43.1,17.6,0.1,1.0,21.1,3.4,11.1,4.2,9.7,43.6,77.1,77.0,99.0,16.3,9.8,83.7,72.6,21.3,4909.0,,6.9,92.6,68.7,1.0,93.6,45.8,87.1,36.4,64.2,89.5,78.9,77.4,76.9,72.5,69.1,92.6,7.4,3.5,,,,2.1,79.5,37.7,63.4,,6.5,,7.2,17.2,13.4,5.3,21.7,16.2,13.0,23.5,18.2,45.7,55.7,55.6,18.3,9.4,5.8,8.9,5.4,11.5,2.0,0.8,8.5,2.2,0.0,7.0,1.5,9.2
117,Tripura,NFHS-3,Total,6103279,75.4,30.0,1017,959.0,74.4,68.8,76.1,51.5,17.7,97.1,0.9,68.5,77.1,15.3,41.0,18.9,2.2,18.5,51.0,59.0,65.7,44.9,17.6,0.5,0.9,21.8,3.2,12.4,3.7,3.0,36.1,47.2,50.6,74.9,11.5,7.4,,26.3,,,0.4,,46.9,43.0,2.1,48.8,12.9,69.5,23.7,49.7,81.1,65.3,60.2,59.9,,28.3,87.2,1.7,8.4,58.1,,64.5,14.2,66.7,33.1,36.1,,,,,35.7,24.6,8.6,39.6,36.9,41.7,7.1,4.8,62.9,65.6,65.1,35.5,,,,,,,,,,,,,
118,Uttarakhand,NFHS-4,Total,14646195,72.7,28.9,1015,888.0,76.7,97.5,92.9,64.5,51.0,95.3,19.5,76.5,90.7,44.6,13.9,20.9,2.1,2.9,40.0,47.0,53.4,49.3,27.4,0.7,1.6,3.2,16.1,15.5,5.2,15.1,45.0,53.5,30.9,91.4,24.9,11.5,93.4,54.8,49.4,2399.0,2.4,19.3,68.6,43.8,4.6,71.2,13.1,36.4,9.3,57.7,92.9,68.0,80.0,80.6,59.4,36.9,91.0,6.3,17.0,56.1,30.4,73.6,4.6,78.9,27.8,51.0,46.7,8.6,7.9,8.5,33.5,19.5,9.0,26.6,18.4,16.1,20.4,17.7,59.8,45.1,45.2,15.5,6.1,2.5,8.8,4.6,7.2,1.6,0.8,13.1,3.3,0.8,16.7,8.5,12.4
119,Uttarakhand,NFHS-4,Rural,14646195,68.9,29.9,1070,924.0,74.2,96.5,89.5,59.6,31.1,93.5,19.8,73.6,89.6,38.8,14.8,25.6,2.2,3.2,39.0,46.0,53.2,49.8,32.2,0.8,1.3,2.7,12.4,16.4,5.9,15.5,43.9,48.7,25.7,90.4,23.8,9.4,93.8,49.1,54.2,2382.0,1.6,16.6,63.7,44.5,4.9,66.3,10.2,35.4,7.5,58.2,94.0,68.4,79.6,81.8,59.8,36.9,92.4,4.6,16.8,52.4,26.7,72.2,4.8,74.9,28.3,51.0,45.8,7.5,5.7,7.3,34.0,19.9,9.7,27.1,20.0,18.5,16.0,14.1,59.1,46.1,46.2,15.9,6.1,2.2,8.2,3.7,6.7,1.4,0.7,12.0,2.6,0.8,15.2,7.6,11.0
120,Uttarakhand,NFHS-4,Urban,14646195,80.2,26.9,921,817.0,81.8,99.4,98.9,73.3,86.6,98.6,18.9,81.7,92.4,54.8,12.2,15.3,1.8,2.3,44.0,49.0,53.9,48.4,18.7,0.4,2.2,4.2,22.7,14.0,4.0,14.5,47.3,63.1,41.2,93.5,27.1,15.6,92.7,66.1,41.4,2435.0,5.4,24.4,79.1,42.3,4.1,81.6,19.4,37.4,13.2,56.5,90.4,67.2,81.0,77.7,58.6,36.9,87.6,10.3,17.3,63.8,37.9,76.6,4.1,86.5,26.9,51.2,48.6,11.2,11.7,11.3,32.5,18.6,7.4,25.6,15.5,12.5,28.4,23.0,61.3,43.4,43.4,15.0,6.1,2.9,9.8,6.0,8.1,1.9,1.1,14.8,4.3,0.9,19.3,10.0,14.8
121,Uttarakhand,NFHS-3,Total,14646195,64.8,34.6,996,912.0,38.4,80.0,87.4,44.4,36.3,71.0,6.6,64.7,86.3,33.5,22.6,24.8,2.6,6.2,42.0,56.0,59.3,55.5,32.2,1.8,1.5,4.2,15.7,12.6,4.4,6.7,39.3,43.3,34.9,68.5,16.4,12.7,,27.7,,,0.4,,32.6,15.7,5.8,38.5,8.1,27.5,22.2,60.0,83.5,80.3,67.1,71.6,,12.8,81.7,12.4,12.8,33.1,,62.4,4.3,65.4,32.9,31.2,47.8,,,,44.4,18.8,5.3,38.0,30.0,28.4,12.8,7.9,60.7,54.8,54.7,28.7,,,,,,,,,,,,,
122,Andaman and Nicobar Islands,NFHS-4,Total,3021288,84.7,23.9,977,859.0,97.9,97.0,94.3,74.3,63.5,99.3,5.7,84.1,88.5,49.1,17.1,14.9,1.5,4.7,10.0,13.0,50.8,48.3,39.9,0.0,2.1,2.2,4.2,15.5,8.1,37.2,65.0,68.4,92.1,91.8,58.4,53.6,97.7,75.0,1.4,1258.0,,23.1,96.6,92.3,1.0,97.5,19.3,,16.9,73.2,87.4,83.9,83.5,76.4,83.1,69.3,94.4,5.6,5.3,65.0,8.3,53.5,1.5,75.8,41.9,66.8,45.1,13.5,17.6,14.2,23.3,18.9,7.5,21.6,13.1,8.7,31.8,38.2,49.0,65.8,65.7,30.8,9.3,5.2,16.5,9.5,7.1,1.3,0.6,20.9,3.3,3.7,22.7,12.4,23.3
123,Andaman and Nicobar Islands,NFHS-4,Rural,3021288,82.6,24.3,984,978.0,98.4,95.0,89.9,64.4,47.2,99.5,4.1,80.2,83.3,42.6,20.4,30.7,1.5,5.8,16.0,22.0,56.8,53.7,43.4,0.0,2.6,2.5,5.3,13.0,6.4,35.7,58.2,75.5,89.5,92.6,50.4,44.5,96.9,71.2,0.3,1562.0,,23.0,95.4,92.7,1.1,96.3,13.9,,12.3,82.5,89.1,86.1,88.5,85.2,84.6,65.2,100.0,0.0,4.4,88.8,3.8,81.9,0.6,64.2,45.6,75.4,54.3,13.6,17.2,14.0,27.7,18.8,9.7,25.6,15.5,8.5,26.6,38.3,50.0,66.2,65.9,28.2,8.0,4.0,12.9,7.2,7.5,1.1,0.6,24.1,3.3,2.8,19.4,12.6,20.3
124,Andaman and Nicobar Islands,NFHS-4,Urban,3021288,87.6,23.4,966,708.0,97.2,99.7,100.0,87.4,85.0,99.0,7.7,89.0,96.1,57.3,11.9,,1.4,3.1,,,42.7,41.1,35.2,0.0,1.5,1.7,2.7,18.7,10.4,38.7,,57.6,95.9,90.8,70.5,67.3,98.8,80.8,2.9,788.0,,23.2,98.3,91.6,0.9,99.2,27.4,,23.7,61.8,85.4,81.1,77.3,65.6,81.1,75.0,,,6.6,,,,2.8,,36.4,,,13.3,,14.3,17.1,19.1,4.4,15.9,10.1,9.0,38.3,38.0,47.7,65.2,65.4,34.7,11.1,6.9,22.0,12.9,6.6,1.5,0.7,16.1,3.2,5.1,27.0,12.1,27.0
125,Chandigarh,NFHS-4,Total,3583088,83.7,22.9,934,981.0,95.1,99.6,99.5,82.9,93.9,99.0,21.3,83.2,87.7,59.2,12.7,,1.6,2.1,,,74.0,58.2,20.6,1.3,5.4,3.6,27.3,6.3,1.8,25.1,62.6,67.4,64.5,95.1,44.9,34.7,98.0,89.0,13.7,2357.0,,50.5,91.6,72.4,1.7,93.3,22.6,44.0,19.5,79.5,95.9,79.5,95.9,95.9,82.7,56.3,93.1,6.9,4.6,,,,2.8,,33.5,,,0.0,,0.0,28.7,10.9,3.9,24.5,13.3,21.7,41.5,32.0,73.1,75.9,75.9,19.3,5.6,2.5,6.9,4.2,7.4,1.5,0.4,10.6,2.9,0.0,53.3,19.3,39.3
126,Dadra and Nagar Haveli,NFHS-4,Total,1002994,68.9,28.9,858,1013.0,93.6,97.4,77.5,35.4,56.1,70.7,30.8,62.5,82.6,35.8,27.5,35.6,2.3,10.3,33.0,42.0,38.1,37.9,31.7,0.0,1.4,1.2,3.7,19.6,10.6,13.0,45.2,63.6,75.6,86.8,43.9,33.1,91.2,66.7,2.6,471.0,7.7,20.7,88.0,66.4,1.9,89.5,16.2,38.4,12.0,43.2,88.9,58.1,73.3,81.7,52.1,59.3,90.2,9.8,4.2,,,,1.9,,47.8,72.7,,0.0,,0.0,41.7,27.6,11.4,38.9,28.5,19.7,19.2,22.9,84.6,80.0,79.5,30.7,4.7,2.0,8.7,6.9,5.6,1.2,0.6,9.8,1.7,0.6,16.7,4.6,9.9
127,Dadra and Nagar Haveli,NFHS-4,Rural,1002994,56.8,32.4,942,1308.0,93.3,95.5,74.7,11.7,22.3,44.7,21.3,46.5,66.7,20.5,27.8,,2.5,13.7,,,43.5,43.5,40.2,0.0,1.0,0.3,2.0,18.5,10.9,11.7,39.3,69.4,72.3,84.3,51.2,40.8,95.6,70.3,3.9,233.0,,26.8,83.2,74.3,2.8,85.4,8.7,,7.2,35.1,86.7,54.8,72.8,77.2,54.4,55.7,96.6,3.4,3.3,,,,2.3,,60.3,,,0.0,,0.0,46.1,32.2,14.8,47.4,38.9,23.4,6.9,11.5,87.7,86.3,86.6,41.0,4.0,1.5,11.1,7.2,5.0,0.2,0.2,4.5,1.1,1.2,6.6,0.5,6.0
128,Dadra and Nagar Haveli,NFHS-4,Urban,1002994,85.3,24.5,761,716.0,94.0,99.3,80.2,58.2,88.6,96.1,39.9,82.1,96.1,54.5,27.0,,2.2,5.4,,,32.0,31.6,22.0,0.0,1.8,2.1,5.7,20.7,10.3,14.5,,56.1,79.8,90.0,34.5,23.2,85.4,62.1,1.0,929.0,,12.7,94.6,55.3,0.6,95.2,26.7,38.8,20.8,,,,,,,64.4,,,5.5,,,,1.4,,30.9,,,,,0.0,35.8,21.4,6.7,27.4,15.8,16.2,34.2,33.8,80.1,72.1,70.6,20.9,5.7,2.5,6.5,6.5,6.4,2.5,1.1,14.7,2.3,0.0,28.9,9.5,14.6
129,Daman and Diu,NFHS-4,Total,631535,81.1,22.0,734,923.0,91.5,100.0,89.4,60.4,73.6,96.6,17.0,83.1,89.7,49.2,25.4,23.0,1.7,4.5,34.0,34.0,32.3,31.6,25.7,0.0,2.4,1.3,2.2,19.7,11.0,20.1,38.6,75.1,62.7,71.1,38.3,29.9,86.4,60.1,19.3,1581.0,1.2,19.4,90.1,43.0,1.4,77.0,15.8,26.8,7.3,66.3,84.3,74.4,74.0,79.1,60.6,68.4,72.2,27.9,3.8,,,,0.6,94.5,55.8,52.3,,6.2,7.4,6.5,23.4,24.1,11.9,26.7,12.9,12.0,31.6,30.7,73.8,59.3,58.9,23.6,5.5,2.2,8.8,5.6,5.1,1.7,0.6,6.5,0.6,0.5,38.2,24.8,16.7
130,Daman and Diu,NFHS-4,Rural,631535,74.6,25.4,920,696.0,98.4,99.8,88.0,68.5,65.6,89.0,20.4,78.2,89.9,38.9,18.2,26.7,2.0,3.3,,,37.5,35.5,31.7,0.0,0.2,1.2,2.4,21.6,11.6,23.0,30.2,84.0,72.5,83.6,47.3,38.6,91.0,52.9,25.1,338.0,,23.6,88.8,42.1,2.7,78.2,17.7,31.3,7.3,62.4,74.7,65.8,67.4,71.3,61.7,71.6,92.7,7.3,7.3,,,,1.6,,60.0,,,11.8,,12.6,27.1,24.8,10.0,25.4,13.0,9.7,29.0,34.2,76.6,57.1,56.3,31.0,5.3,2.4,9.4,6.7,5.9,1.5,0.7,5.3,2.4,0.2,30.7,9.8,14.5
131,Daman and Diu,NFHS-4,Urban,631535,83.9,20.7,675,1043.0,88.3,100.0,89.8,58.2,75.9,98.7,16.0,85.2,89.7,53.6,28.4,21.9,1.6,5.2,,,30.4,30.2,23.4,0.0,3.2,1.3,2.1,19.0,10.8,18.8,41.5,71.4,58.7,66.0,34.6,26.3,84.5,63.1,16.9,2211.0,,17.7,90.7,43.4,0.9,76.5,14.9,24.9,7.3,67.8,87.8,77.6,76.4,81.9,60.2,66.9,65.8,34.2,2.3,,,,0.1,,53.9,,,2.5,,3.4,21.9,23.8,12.7,27.2,12.9,12.6,32.7,29.7,72.5,60.3,60.0,21.6,5.6,2.1,8.6,5.3,4.8,1.8,0.5,6.8,0.1,0.6,41.3,31.2,17.6
132,Lakshadweep,NFHS-4,Total,553260,90.3,23.0,1038,922.0,99.0,99.9,91.5,99.4,34.8,96.1,3.4,95.7,99.8,57.8,0.9,0.0,1.8,0.0,19.0,23.0,29.3,14.9,10.3,0.0,0.6,0.0,3.8,17.9,13.2,23.3,,91.9,82.8,94.0,82.1,66.4,95.9,92.6,17.5,4580.0,,56.6,99.9,63.3,0.1,100.0,37.9,59.1,25.7,86.9,100.0,90.5,94.2,92.5,86.7,52.3,100.0,0.0,5.2,,,,1.1,84.7,54.3,55.0,,12.2,,11.3,27.0,13.8,3.3,23.4,12.5,7.4,41.4,24.6,51.9,46.1,45.7,10.7,12.0,5.2,13.3,5.7,7.4,2.7,0.8,9.1,0.0,0.8,57.6,27.3,57.3
133,Lakshadweep,NFHS-4,Rural,553260,96.9,24.1,847,,100.0,100.0,97.1,99.6,16.5,99.4,0.0,96.1,93.3,55.7,,,2.2,,,,20.7,17.1,15.2,0.0,0.2,0.0,1.7,24.5,20.5,50.8,,94.7,95.6,72.2,69.9,53.4,100.0,85.7,30.6,,,64.7,98.7,61.0,1.3,100.0,65.0,,,,,,,,,51.2,,,25.8,,,,0.0,,,,,,,,25.5,22.5,0.0,35.5,17.4,11.1,28.2,22.2,67.4,63.5,62.1,11.1,9.2,3.6,15.5,8.9,14.6,0.4,0.3,11.1,0.0,0.0,60.2,18.3,51.3
134,Lakshadweep,NFHS-4,Urban,553260,89.9,22.9,1054,932.0,98.9,99.9,91.1,99.4,36.3,95.9,3.6,95.7,100.0,58.0,0.7,0.0,1.8,0.0,19.0,,30.0,14.7,9.9,0.0,0.7,0.0,4.0,17.4,12.6,21.1,,91.8,82.0,95.3,82.8,67.2,95.6,93.0,16.7,3901.0,,56.2,100.0,63.5,0.0,100.0,36.4,56.9,24.6,86.1,100.0,90.0,93.8,92.1,85.9,52.3,100.0,0.0,4.0,,,,1.1,83.0,55.8,57.8,,12.1,,11.2,27.1,13.2,3.5,22.6,12.1,7.3,42.4,24.7,51.0,44.9,44.5,10.7,12.2,5.3,13.3,5.6,6.9,2.9,0.9,9.1,0.0,0.8,57.5,28.0,57.7
135,Puducherry,NFHS-4,Total,4873214,81.4,23.7,1068,843.0,99.0,99.6,95.4,65.0,84.8,92.7,32.8,85.0,91.9,60.3,10.7,6.3,1.7,3.5,16.0,16.0,61.9,61.2,57.4,0.0,2.6,0.4,0.8,8.3,4.8,35.9,71.7,80.6,87.7,82.1,66.3,55.6,98.0,84.9,21.4,1999.0,,36.0,99.9,82.0,0.1,100.0,33.6,48.3,30.4,91.3,99.9,95.4,96.0,95.4,89.4,75.0,89.7,10.3,11.3,71.2,69.6,73.6,3.0,74.0,65.3,45.5,76.8,21.8,54.8,31.1,23.7,23.6,7.8,22.0,11.3,10.2,36.7,37.1,44.9,53.4,52.4,15.9,7.3,4.4,7.5,5.1,6.8,1.6,0.7,11.5,2.4,1.2,20.7,15.1,10.7
136,Puducherry,NFHS-4,Rural,4873214,77.7,23.4,1033,992.0,98.7,99.2,99.0,46.1,69.4,84.4,20.9,84.8,96.1,56.8,10.2,0.0,1.7,3.2,30.0,,60.9,60.5,54.8,0.0,3.7,0.4,1.2,6.1,3.6,30.7,64.5,67.5,81.7,75.2,63.8,46.4,95.9,76.6,17.8,1627.0,,38.6,100.0,91.3,0.0,100.0,39.8,54.9,38.3,85.4,100.0,90.3,91.5,95.9,88.4,70.3,97.5,2.5,14.7,58.3,56.0,62.6,4.0,66.8,53.2,,,30.9,,37.7,21.1,17.4,6.4,18.7,13.2,11.8,33.6,30.8,48.5,55.7,54.8,15.3,8.6,5.2,6.7,5.0,5.9,0.5,0.4,6.2,5.4,1.2,22.2,16.1,11.5
137,Puducherry,NFHS-4,Urban,4873214,83.0,23.9,1083,786.0,99.2,99.8,93.8,73.4,91.6,96.3,38.1,85.1,89.8,61.8,10.9,10.4,1.7,3.7,10.0,10.0,62.4,61.5,58.5,0.0,2.1,0.3,0.6,9.3,5.3,38.1,74.8,86.0,90.1,84.9,67.4,59.4,98.8,88.3,22.8,2176.0,,34.9,99.9,77.9,0.1,100.0,30.9,47.1,26.4,93.9,99.8,97.7,98.1,95.2,89.9,77.0,86.2,13.8,9.9,79.4,78.3,80.6,2.5,77.8,70.3,57.4,78.3,18.1,57.8,28.0,24.7,26.1,8.3,23.3,10.5,9.3,38.1,40.5,43.4,52.3,51.4,16.2,6.8,4.1,7.9,5.2,7.2,2.0,0.9,14.2,0.8,1.3,20.1,14.6,10.3
